﻿매장코드,매장명,지역,상권구분,채널,TIER
527,명동중앙(직),서울,RF,직영점,H1
524,가로수길(직),서울,RF,직영점,H1
118,롯데잠실,서울,국내,백화점,F1
6031,성남신흥(대-위),경기,국내,대리점,대리점
079,신세계강남,서울,국내,백화점,F1
729,청주(대-위),청주,국내,대리점,대리점
744,신제주(대-위),제주,RF,대리점,대리점
6033,광명(대-위),경기,국내,대리점,대리점
529,강남사옥(직),서울,국내,직영점,H1
526,홍대(직),서울,RF,직영점,H1
082,신세계본점,서울,RF,백화점,F1
040,현대충청,청주,국내,백화점,F3
6040,대전은행(대-위),대전,국내,대리점,대리점
537,한남(직),서울,RF,직영점,H1
084,롯데인천,인천,국내,백화점,F3
053,더현대서울,서울,국내,백화점,H1
155,롯데본점,서울,RF,백화점,F1
078,현대판교,경기,국내,백화점,F1
6024,아이즈빌부평(대-위),인천,국내,대리점,대리점
036,AK원주,강원도 원주,국내,백화점,F3
509,타임스퀘어영등포(직),서울,국내,직영점,F2
6008,목포하당(대-위),전남 목포,국내,대리점,대리점
193,아이파크용산,서울,국내,백화점,F2
513,충장로(직),전남 광주,국내,직영점,F3
080,신세계대구,대구,국내,백화점,F1
032,현대울산,울산,국내,백화점,F3
535,스타필드하남(직),경기,국내,직영점,F2
6028,부천(대-위),경기,국내,대리점,대리점
746,퍼스트빌리지(대-위),충남 아산,국내,대리점,대리점
737,동해(대-위),강원 동해,국내,대리점,대리점
048,롯데수원,경기,국내,백화점,F2
6042,속초(대-위),강원 속초,국내,대리점,대리점
6015,대구성서(대-위),대구,국내,대리점,대리점
120,롯데부산,부산,국내,백화점,F1
6007,익산(대-위),전북 익산,국내,대리점,대리점
676,제주(대-위),제주,국내,대리점,대리점
696,안산한대(대-위),경기,국내,대리점,대리점
088,신세계대전,대전,국내,백화점,F1
045,롯데노원,서울,국내,백화점,F3
035,롯데평촌,경기,국내,백화점,F3
164,현대중동,경기,국내,백화점,F3
531,스타필드안성(직),경기,국내,직영점,F2
630,포항(대-위),경북 포항,국내,대리점,대리점
717,김포장기(대-위),경기,국내,대리점,대리점
6004,오산(대-위),경기,국내,대리점,대리점
6045,마산합성(대-위),경남 창원,국내,대리점,대리점
685,전주중앙(대-위),전북 전주,국내,대리점,대리점
532,롯데아울렛의왕(직),경기,국내,직영점,F2
167,롯데창원,경남 창원,국내,백화점,F3
6009,전주송천(대-위),전북 전주,국내,대리점,대리점
521,동성로(직),대구,국내,직영점,F3
6035,해남(대-위),전남 해남,국내,대리점,대리점
039,현대신촌,서울,국내,백화점,F3
6043,당진(대-위),충남 당진,국내,대리점,대리점
146,롯데울산,울산,국내,백화점,F3
034,롯데김포,경기,국내,백화점,F2
044,롯데중동,경기,국내,백화점,F3
536,스타필드수원(직),경기,국내,직영점,F2
6026,남원(대-위),전북 남원,국내,대리점,대리점
052,신세계하남,경기,국내,백화점,F3
688,서산(대-위),충남 서산,국내,대리점,대리점
6038,울산무거(대-위),울산,국내,대리점,대리점
534,타임테라스동탄(직),경기,국내,직영점,F2
533,타임스트림신림(직),서울,국내,직영점,F2
6047,포천(대-위),경기,국내,대리점,대리점
718,여천(대-위),전남 여수,국내,대리점,대리점
6048,두타(대-위),서울,RF,대리점,대리점
540,성수(직),서울,RF,직영점,H1
037,신세계의정부,경기,국내,백화점,F3
6016,안산시화(대-위),경기,국내,대리점,대리점
031,현대대구,대구,국내,백화점,F3
095,모다아울렛대전,대전,국내,백화점,F3
6021,스퀘어원인천(대-위),인천,국내,대리점,대리점
175,롯데동래,부산,국내,백화점,F3
195,롯데미아,서울,국내,백화점,F3
159,AK수원,경기,국내,백화점,F3
019,신세계경기,경기,국내,백화점,F3
043,롯데안산,경기,국내,백화점,F3
6046,춘천(대-위),춘천,국내,대리점,대리점
086,AK평택,경기,국내,백화점,F3
736,구미(대-위),경북 구미,국내,대리점,대리점
735,거제(대-위),경남 거제,국내,대리점,대리점
6017,화성봉담(대-위),경기,국내,대리점,대리점
6003,원주(대-위),강원 원주,국내,대리점,대리점
6001,세정광주(대-위),전남 광주,국내,대리점,대리점
097,신세계광주,전남 광주,국내,백화점,F3
165,신세계천안아산,충남 천안,국내,백화점,F3
6029,아산(대-위),충남 아산,국내,대리점,대리점
007,롯데일산,경기,국내,백화점,F3
749,경산(대-위),경북 경산,국내,대리점,대리점
112,롯데광주,전남 광주,국내,백화점,F3
6019,안산중앙(대-위),경기,국내,대리점,대리점
733,서귀포(대-위),제주,국내,대리점,대리점
6022,영주(대-위),경북 영주,국내,대리점,대리점
6032,남양주삼패(대-위),경기,국내,대리점,대리점
161,롯데영등포,서울,국내,백화점,F3
6044,나주(대-위),전남 나주,국내,대리점,대리점
174,롯데포항,포항,국내,백화점,F3
177,갤러리아대전,대전,국내,백화점,F3
6025,정읍(대-위),전북 정읍,국내,대리점,대리점
022,신세계센텀,부산,국내,백화점,H1
643,인천(대-위),인천,국내,대리점,대리점
661,여수(대-위),전남 여수,국내,대리점,대리점
6030,홍성(대-위),충남 홍성,국내,대리점,대리점
745,구미인동(대-위),경북 구미,국내,대리점,대리점
6037,안성(대-위),경기,국내,대리점,대리점
025,현대킨텍스,경기,국내,백화점,F3
6005,통영(대-위),경남 통영,국내,대리점,대리점
694,안동(대-위),경북 안동,국내,대리점,대리점
114,현대천호,서울,국내,백화점,F3
6036,대구칠곡(대-위),대구,국내,대리점,대리점
6020,제천(대-위),충북 제천,국내,대리점,대리점
6039,경기광주(대-위),경기,국내,대리점,대리점
6013,충주(대-위),충북 충주,국내,대리점,대리점
6023,상주(대-위),경북 상주,국내,대리점,대리점
168,롯데대구,대구,국내,백화점,F3
091,에버세이브청주,청주,국내,백화점,F3
094,신세계영등포,서울,국내,백화점,F3
170,롯데전주,전북 전주,국내,백화점,F3
027,갤러리아센터시티,충남 천안,국내,백화점,F3
085,갤러리아광교,경기,국내,백화점,F3
093,엔터식스안양,경기,국내,백화점,F3
001,갤러리아진주,경남 진주,국내,백화점,F3
649,부산광복(대-위),부산,RF,대리점,대리점
010,롯데건대,서울,국내,백화점,F3
042,롯데구리,서울,국내,백화점,F3
089,롯데동탄,경기,국내,백화점,F3
054,엔터식스왕십리,서울,국내,백화점,F3
740,순천연향(대-위),전남 순천,국내,대리점,대리점
016,롯데청량리,서울,국내,백화점,F3
738,강릉(대-위),강원 강릉,국내,대리점,대리점
081,신세계김해,김해,국내,백화점,F3
169,롯데상인,대구,국내,백화점,F3
015,현대울산동구,울산,국내,백화점,F3
180,신세계마산,마산,국내,백화점,F3
021,롯데광복,부산,국내,백화점,F3
006,롯데강남,서울,국내,백화점,F3
096,모다아울렛천안,충남 천안,국내,백화점,F3
147,현대미아,서울,국내,백화점,F3
129,롯데대전,대전,국내,백화점,F3
6002,시흥(대-위),경기,국내,대리점,대리점
6011,보령(대-위),충남 보령,국내,대리점,대리점
014,롯데분당,경기,국내,백화점,F3
428,신라면세장충,,면세점,면세점,면세점
429,롯데면세소공,,면세점,면세점,면세점
443,현대면세무역,,면세점,면세점,면세점
422,신라면세용산,,면세점,면세점,면세점
431,신세계면세명동,,면세점,면세점,면세점
427,롯데면세월드,,면세점,면세점,면세점
426,신라면세제주,,면세점,면세점,면세점
421,롯데면세제주,,면세점,면세점,면세점
954,온라인완주,,도매,도매,도매
179,현대목동,서울,국내,백화점,F3
522,트리플스트리트(직),인천,국내,직영점,F2
008,AK분당,경기,국내,백화점,F3
087,NC신구로,서울,국내,백화점,F3
747,천안쌍용(대-위),충남 천안,국내,대리점,대리점
092,현대디큐브시티,서울,국내,백화점,F3
444,현대면세동대문,,면세점,면세점,면세점
7500,롯데아울렛수완(상-위),,국내,상설(위탁),상설(위탁)
7502,현대아울렛대전(상-위)close,,국내,상설(위탁),상설(위탁)
7503,롯데아울렛동부산(상-위),,국내,상설(위탁),상설(위탁)
7504,롯데아울렛봉무(상-위),,국내,상설(위탁),상설(위탁)
7505,롯데아울렛부여(상-위),,국내,상설(위탁),상설(위탁)
7506,롯데아울렛군산(상-위),,국내,상설(위탁),상설(위탁)
7507,롯데아울렛파주(상-위),,국내,상설(위탁),상설(위탁)
7508,현대아울렛동대문(상-위),,국내,상설(위탁),상설(위탁)
7509,현대아울렛가든5(상-위),,국내,상설(위탁),상설(위탁)
7510,NC강서(상-위),,국내,상설(위탁),상설(위탁)
7513,NC송파(상-위),,국내,상설(위탁),상설(위탁)
7515,신세계아울렛시흥(상-위),,국내,상설(위탁),상설(위탁)
7516,신세계아울렛여주(상-위),,국내,상설(위탁),상설(위탁)
7517,마리오(상-위),,국내,상설(위탁),상설(위탁)
7518,신세계아울렛파주(상-위),,국내,상설(위탁),상설(위탁)
7519,현대아울렛가산(상-위),,국내,상설(위탁),상설(위탁)
7520,콜렉티드(상-위),,국내,상설(위탁),상설(위탁)
7521,롯데아울렛김해(상-위),,국내,상설(위탁),상설(위탁)
7522,신세계아울렛기장(상-위),,국내,상설(위탁),상설(위탁)
7523,모다경주(상-위),,국내,상설(위탁),상설(위탁)
7524,롯데아울렛청주(상-위),,국내,상설(위탁),상설(위탁)
7525,롯데아울렛진주(상-위),,국내,상설(위탁),상설(위탁)
7526,LF스퀘어광양(상-위),,국내,상설(위탁),상설(위탁)
7527,LF스퀘어양주(상-위),,국내,상설(위탁),상설(위탁)
7529,현대아울렛대전(상-위),,국내,상설(위탁),상설(위탁)
7532,현대아울렛대구(상-위),,국내,상설(위탁),상설(위탁)
7534,롯데아울렛율하(상-위),,국내,상설(위탁),상설(위탁)
8001,무신사(제휴몰),,국내,온라인,온라인
8003,네이버스토어(제휴몰),,국내,온라인,온라인
8004,MLB 글로벌,,국내,온라인,온라인
8005,카카오선물하기(제휴몰),,국내,온라인,온라인
8007,29CM(제휴몰),,국내,온라인,온라인
8008,SSG닷컴(제휴몰),,국내,온라인,온라인
8009,롯데ON(제휴몰),,국내,온라인,온라인
8010,SSF샵(제휴몰),,국내,온라인,온라인
8011,CJ온스타일(제휴몰),,국내,온라인,온라인
8012,GS SHOP(제휴몰),,국내,온라인,온라인
#N/A,일산덕이(대-위),,국내,대리점,대리점
