﻿ITEM,Class,Class2,DEC,DEC(enG),category,,대분류(성별),설명,,시즌,No.
DJ,WEAR,OUTER,[DJ] 다운점퍼,[DJ] Down Jumper,패딩점퍼,,A,유니섹스,,SPRING,1
PD,WEAR,OUTER,[PD] 패딩점퍼,[PD] Paded jumper,패딩점퍼,,F,여성,,SUMMER,3
DV,WEAR,OUTER,[DV] 다운베스트,[DV] Down Vest,패딩점퍼,,L,남성,,FALL,4
DK,WEAR,OUTER,[DK] 진자켓,[DK] Denim Jacket,데님,,,,,WINTER,6
FD,WEAR,OUTER,[FD] 후리스점퍼,[FD] Fleece Jumper,후리스,,,,,NON SEASON,N
KT,WEAR,OUTER,[KT] 니트,[KT] Sweater Cardigan,스웨터 가디건,,,,,,
KC,WEAR,OUTER,[KC] 가디건,[KC] Sweater Cardigan,스웨터 가디건,,,,,,
WJ,WEAR,OUTER,[WJ] 바람막이,[WJ] WindBreaker,바람막이,,,,,,
JP,WEAR,OUTER,[JP] 점퍼,[JP] Jumper,점퍼,,,,,,
JK,WEAR,OUTER,[JK] 자켓,[JK] Jacket,자켓,,,,,,
WS,WEAR,INNER,[WS] 우븐셔츠,[WS] Shirts,우븐셔츠,,,,,,
DR,WEAR,INNER,[DR] 데님셔츠,[DR] Denim-Shirts,데님,,,,,,
BS,WEAR,INNER,[BS] 야구져지,[BS] Baseball shirts,기타,,,,,,
HD,WEAR,INNER,[HD] 후드티,[HD] Hoodie,맨투맨,,,,,,
MT,WEAR,INNER,[MT] 맨투맨,[MT] SweatShirts,맨투맨,,,,,,
TR,WEAR,INNER,[TR] 트레이닝 집업,[TR] Training zip-up,트레이닝,,,,,,
VT,WEAR,INNER,[VT] 베스트,[VT] Vest,기타,,,,,,
OP,WEAR,INNER,[OP] 원피스,[OP] One-Piece,원피스,,,,,,
TS,WEAR,INNER,[TS] 티셔츠,[TS] T-shirts,티셔츠,,,,,,
TK,WEAR,INNER,[TK] 탱크탑,[TK] Tank Top,티셔츠,,,,,,
PQ,WEAR,INNER,[PQ] 피케 티셔츠,[PQ] Pique T-shirts,피케 티셔츠,,,,,,
KP,WEAR,INNER,[KP] 스웨터풀오버,[KP] Sweater,스웨터 풀오버,,,,,,
DD,WEAR,INNER,[DD] 데님원피스,[DD] Denim Dress,데님,,,,,,
SW,WEAR,BOTTOM,[SW] 스윔웨어,[SW] Swim wear,스윔웨어,,,,,,
LG,WEAR,BOTTOM,[LG] 레깅스,[LG] Leggings,레깅스,,,,,,
DP,WEAR,BOTTOM,[DP] 진바지,[DP] Jean,데님,,,,,,
WP,WEAR,BOTTOM,[WP] 우븐팬츠,[WP] Woven Pants,팬츠,,,,,,
SM,WEAR,BOTTOM,[SM] 우븐반바지,[SM] Woven Shorts,반바지,,,,,,
SK,WEAR,BOTTOM,[SK] 스커트,[SK] Skirts,스커트,,,,,,
DS,WEAR,BOTTOM,[DS] 데님스커트,[DS] Denim-Skirts,데님,,,,,,
SP,WEAR,BOTTOM,[SP] 니트반바지,[SP] Knit Shorts,반바지,,,,,,
TP,WEAR,BOTTOM,[TP] 트레이닝,[TP] Training Pants,트레이닝,,,,,,
PT,WEAR,BOTTOM,[PT] 팬츠,[PT] Knit Pants,팬츠,,,,,,
SO,ACC,SO,[SO] 양말,[SO] Socks,SOCKS,,,,,,
CV,ACC,SH,[CV] 캔버스화,[CV] Canvas Shoes,PLAYBALL,,,,,,
LP,ACC,SH,[LP] 슬리퍼,[LP] Flip-Flop,SLIPPER,,,,,,
MU,ACC,SH,[MU] 뮬,[MU] Mule,MULE,,,,,,
SH,ACC,SH,[SH] 신발,[SH] Shoes,,,,,,,
SX,ACC,SH,[SX] 스니커즈,[SX] Sneakers,,,,,,,
SD,ACC,SH,[SD] 샌들,[SD] Sandal,SANDAL,,,,,,
JA,ACC,JEWELRY,[JA] 목걸이,[JA] Necklace,JEWELLERY,,,,,,
JB,ACC,JEWELRY,[JB] 팔찌,[JB] Bracelet,JEWELLERY,,,,,,
JC,ACC,JEWELRY,[JC] 귀걸이,[JC] Earring,JEWELLERY,,,,,,
JD,ACC,JEWELRY,[JD] 반지,[JD] Ring,JEWELLERY,,,,,,
ML,ACC,ET,[ML] 쿨토시,[ML] Arm sleeves ,ARM COVER,,,,,,
MK,ACC,ET,[MK] 마스크,[MK] Mask,MASK,,,,,,
ET,ACC,ET,기타,[ET] ETC,ETC ACC,,,,,,
TW,ACC,ET,[TW] 타월,[TW] Towel,ETC ACC,,,,,,
MF,ACC,ET,[MF] 머플러,[MF] Muffler,MUFFLER,,,,,,
GL,ACC,ET,[GL] 장갑,[GL] Glove,GLOVES,,,,,,
CP,ACC,CP,[CP] 모자,[CP] Cap,,,,,,,
HT,ACC,CP,[HT] 햇,[HT] Hat,HAT,,,,,,
SC,ACC,CP,[SC] 썬캡,[SC] Sun cap,SUN CAP,,,,,,
BN,ACC,CP,[BN] 비니,[BN] Beanie,BEANIE,,,,,,
WM,ACC,CP,[WM] 방한모,[WM] Warmer,WINTER CAP,,,,,,
CB,ACC,CP,[CB] 베레모,[CB] Beret,BERET,,,,,,
MC,ACC,CP,[MC] 매쉬캡,[MC] Mesh cap,MESH CAP,,,,,,
CR,ACC,BG,[CR] 크로스백,[CR] Cross Bag,CROSS BAG,,,,,,
BW,ACC,BG,[BW] 버스톤백,[BW] Boston Bag,BOSTON BAG,,,,,,
BM,ACC,BG,[BM] 버킷백,[BM] Bucket Bag,BUCKET BAG,,,,,,
OR,ACC,BG,[OR] 쇼퍼백,[OR] Shopper bag,TOTE BAG,,,,,,
TG,ACC,BG,[TG] 토드백,[TG] Tote bag,TOTE BAG,,,,,,
BQ,ACC,BG,[BQ] 숄더백,[BQ] Shoulder bag,HOBO BAG,,,,,,
SG,ACC,BG,[SG] 슬링백,[SG] Sling bag,SLING BAG,,,,,,
BK,ACC,BG,[BK] 백팩,[BK] Back pack,BACKPACK,,,,,,
HS,ACC,BG,[HS] 힙색,[HS] Hip sack,HIPSACK,,,,,,
BG,ACC,BG,[BG] 가방,[BG] Bag,,,,,,,
PO,ACC,BG,[PO] 파우치,[PO] Pouch,POUCH,,,,,,
