{
  "version": 2,
  "builds": [
    {
      "src": "dashboard.html",
      "use": "@vercel/static"
    }
  ],
  "routes": [
    {
      "src": "/",
      "dest": "/dashboard.html"
    },
    {
      "src": "/dashboard",
      "dest": "/dashboard.html"
    },
    {
      "src": "/(.*)",
      "dest": "/$1"
    }
  ],
  "headers": [
    {
      "source": "/(.*)",
      "headers": [
        {
          "key": "Cache-Control",
          "value": "public, max-age=3600"
        },
        {
          "key": "Access-Control-Allow-Origin",
          "value": "*"
        }
      ]
    }
  ]
}
