﻿응답일시,참여자,설문 답변 매장 정보 기입(*),금년도 FW WJ 런칭 시점 적절성 평가(*)," 3AWJB0154, 3FWJB0154, 3AWJB0254 고프코어 커브",3AWJB0554 고프코어 3D 포켓,3FWJB0454 여성 고프코어 스티치,"3AWJV0154,  3FWJV0154 스포티브 바시티 라인",3AWJB0154 고프코어 2L 바람막이 초반 반응 조사(*),3FWJB0154 여성 고프코어 2L 바람막이 초반 반응 조사(*),3AWJB0254 고프코어 블러킹 메가로고  2L 바람막이 초반 반응 조사(*),3FWJB0454 여성 고프코어 스티치 바람막이 초반 반응 조사(*),3FWJB0454 여성 스포티브 바시티 바람막이 초반 반응 조사(*),3AWJB0454 스포티브 바시티 블러킹 바람막이 초반 반응 조사(*),고어라인 바람막이 초반 반응 조사(*),24F 대비 25F WJ의 판매 속도가 더딘 원인 조사(*)
2025-08-25 10:48:18,1,세정광주,적당하다,다소 불만족,다소 불만족,다소 불만족,만족하는 편,아직 터치가 없어요... 많이 두꺼워서 그런가 찾지 않으셔서 반응을 모르겠네용,동일합니다.,동일합니다,동일합니다.,"이제품은 터치가 많아요 두께는 비슷한데 제질감이 달라서 입혔을때 라인이 잡히다보니 
만족도가 높은편입니다.",아직 반응을 모르겠습니다.,"아웃도어가 아니다보니 그런가 고어택스 제품을 찾는분들이 적은데다 아직 저희 지방권은 워낙 덥다보니
많이 두꺼운 고어택스는 보질 않으세요~~","우선 예전에 비해 날씨가 많이 덥습니다. 최근에는 워낙 늦은시기까지 더운데다 그리고 겨울로 넘어가는 그 시즌사이가 워낙 짧다보니 가을용 바람막이를 찾는 분들이 적습니다.
차라리 경량 패딩이나 초겨울까지 입을수 잇는 제품을 더 찾는 편이신거 같아요"
2025-08-25 10:49:40,2,177/갤러리아 타임월드,적당하다,만족하는 편,만족하는 편,만족하는 편,만족하는 편,날씨때문인지 저희 점포에서는 아직 반응이 없습니다 .,무더위에 아직까지 바람막이 는 반응이 없습니다 .,.,.,입어보시는분들 있으나 직접적인 판매로는 이어지지 않고잇습니다 .,바람막이 찾는 분이 저희점포는 아에 없으셨습니다 ..,디자인및 상품이 우수하기 때문에 반응 좋을거 같습니다 .,오프라인 부진및 입점 고객이 줄고 무더위가 심하여 9월 중순까지 반응 지켜봐야 할거 같습니다 .
2025-08-25 10:51:47,3,081 / 신세계 김해,적당하다,매우 만족,매우 만족,매우 만족,매우 만족,"마네킨 착장을 보시고 피팅해보는 고객들은 몇분계셨으나 아직 더워 구매로는 이어지지 않네요
베이직하고 길이감도 괜찮고 소재도 좋아요","화이트컬러를 보다가 아이보리를 보니 약간 색이
탁하다는 고객님이 계시긴했어요 가을이 되면
색이 더 예쁘게 보일꺼같아요","투톤를 좋아하시는 고객님이 계시긴하나
기본템이 더 반응이 좋을꺼같아요","디피해놨을때보다 직접 피팅해보니 
기장감도 예쁘더라구요 소재도 좋고 스트치가 있어서 좀더 고급스러운 느낌도 있어서 조금만 날씨가 풀리면 반응이 좋을꺼같아요",아이보리가 좀더 밝았으면 좋았을꺼같아요,배색라인이 생각보다 반응이 저조합니다 ㅜ,저희는 입고되지 않았습니다,여름이 길고 많이 더워서 아직 반응이 없는거같아요
2025-08-25 10:52:34,4,096/모다아울렛천안,적당하다,만족하는 편,만족하는 편,매우 만족,만족하는 편,아직 반응 없습니다!,아직 반응 없습니다.,아직 반응 없습니다.,이른 시기부터 반응이 보여 간절기 상품 중 제일 메인 아이템 입니다.,"품번이 잘못 기재되어 있는것 같습니다.
해당 사진의 상품도 보시긴하는데 스티치 바람막이에 더 손이 많이 가십니다.",아직 반응 없습니다.,입고 되지 않았습니다.ㅈ,전환 속도 괜찮은것 같습니다.
2025-08-25 10:53:04,5,735/거제,적당하다,만족하는 편,만족하는 편,다소 불만족,다소 불만족,앞에 버튼 없으면 더 좋을 것 같음.기본 물이라 반응 괜찮을 것으로 예상합니다.,괜찮습니다.,"늘 그렇듯 투톤 디자인은 불호가 심한 편입니다. 
메가로고도 별로 안좋아하십니다.",이런 스타일은 셋업으로 하나 정도 나오면 좋겠습니다.,"어깨라인에 선이 있는게 불호가 있는 편입니다. 길이의 다양성이 필요합니다.
크롭,세미크롭 이정도로만 구분되어서 나와도 좋을 것 같아요",배색 불호있습니다.,받지않았습니다.,아직 폭염이 계속 되고있고 지역 특성상 가을 시즌 상품을 보시는 고객들이 적습니다.
2025-08-25 10:54:48,6,118/롯데잠실,너무 빠르다,만족하는 편,다소 불만족,다소 불만족,다소 불만족,"기본라인이라 꾸준하게 판매될것같고
CRD칼라도 밝게나와 색감이쁨",기본라인이라 꾸준하게 판매될것같음,"칼라배색디자인 반응없음
봄에 나왔던 바람막이랑 톤톤 차이만있을뿐
디자인 너무 똑같음","이정도 두께감은 FW시즌보다
SS시즌에 나왓어야 더 판매가 잘되었을것같음
두께감 애매함","기본바람막이 WJB0154 라인나왔는데
기본느낌의바람막이 선호없음
프링팅이있었으면 더 좋았을것같음","어깨라인 배색 안좋아하십니다
아직 바람막이 찾지않으십니다","아직 날씨너무덥고 고어라인 반응없음
요즘 바람막이라인 러닝용으로 많이 입으시는데
우리소재바스락 소리너무남","날씨가 작년에비해 길게덥습니다
9월말까지도 날씨 덥다고하는데
FW상품 출고너무 빠르고 Fw상품 고객들
찾지않습니다"
2025-08-25 10:58:41,7,053/더현대서울,적당하다,다소 불만족,만족하는 편,다소 불만족,만족하는 편,항상 나오던 스타일이고 컬러 구성이 너무 칙칙합니다.,두께가 아직 두꺼워서 그렇지만 이 스타일은 반응이 좋을 것 같습니다,너무 흔 한 스타일이고 컬러 구성도 너무 칙칙합니다,봤을때 눈에 띄게 이쁜 디자인은 아니지만 브라운 컬러는 터치해보거나 착장 해보시는 분들이 있으십니다.,밑단 스트링 조절해드리지 않으면 핏이 애매합니다.,아직 고객 반응은 없지만 맨투맨 티셔츠도 반응이 나쁘지 않았었고 날씨가 조금 풀리면 반응이 올라오지 않을까 싶습니다..,메인에 연출 해놓고 관심을 끌고 있어서 인지 터치해보거나 착장해보시는 분들이 있으시지만 아무래도 가격이 부담스러워서 구매까지 이어지지 못하는것같습니다,작년에 비해 날씨가 많이 더운거같습니다. 그리고 매장에 연출 해놨을때 고어자켓 스타일 빼고는 전체적으로 너무 어둡거 칙칙해서 눈에 띄는게 없습니다.... ㅜㅜㅜ
2025-08-25 11:02:27,8,129/롯데대전,적당하다,매우 만족,만족하는 편,매우 만족,매우 만족,"아직은 두께가 좀 있다보니 반응자체는 없으나, 깔끔한 디자인으로 추후에 주력상품이 되지 않을까 생각합니다.","이제품도 아직 두께가 다른 제품들에 비해 두껍다 보니 구매로 이어지지는 않았지만, 디자인적으로는 반응이 좋았습니다.","메가로고 자체가 눈에 엄청 띄지 않는 컬러로 들어가서 엄청 부담스럽지 않게 잘 나왔다고 생각합니다.
하지만 PKD컬러나, CRD컬러는 위쪽과 아래쪽의 컬러가 어울리지 않는다고 생각합니다.",컬러와 디자인이 둘다 예쁜 제품이라고 생각합니다. 밑단에 스트링이 들어가 라인도 잡아줄 수 있어 만족하는 제품입니다.,"뒷판에 로고도 이쁘게 들어갔으며, 스포티브한 느낌이 부담스럽지 않게 섞여 들어간 느낌이라 정말 좋습니다. 전년대비 컬러감이 부드럽게 잘나왔으며, 브라운이나 블랙컬러는 로고가 잘 보이지 않아 선호하시는 경향이 있는거 같습니다,","매장에 입고자체가 아직 안되어 고객반응은 알수없습니다. 스포티브한 느낌을 잘 살린 제품이며, 기본 스타일의 바람막이만을 찾으시는 남성분들에게도 어느정도 추천이 가능한 제품이라고 생각합니다.",X,너무 길어진 더위가 문제라고 생각합니다. 처서가 지난 현재에도 날씨가 너무 더워 아우터류를 보지 않고 있습니다. 날씨가 조금 풀려야 고객분들도 관심이 좀 전환되지 않을까 생각합니다.
2025-08-25 11:03:07,9,097/신세계 광주,적당하다,매우 불만족,다소 불만족,다소 불만족,매우 불만족,반응 전혀없음. 원단 너무 뻣뻣함.디자인 매년 같아서 신상품인지 모를 정도.,몇년째 나오는 스타일이라 MLB고객이라면 호응도는 불보듯 뻔하지싶고 원단이 갈수록 떨어지는 느낌은 저희만 받을거 같진 않습니다 디자인 변화가 절실하지 싶음,"컬러감이라든지 배색 톤이 문제인지 반응 전혀 없음
그리고 메가로고 자체가 나이 불문하고 부담스러울수 있을거 같음","원단 가볍고 디자인 괜춘하나 반응까지는 더 봐야 할거 같음. 일단 착용감이 가벼워서 간절기로는 좋으나 요즘 여성 고객들이 후드가 걸리적 거린다고도 하심
알단 옷이 무겁고 뻣뻣하고 불편하면 안입으시려고 하시는데 옷이 가벼워 좀더 지켜봐야 할듯. 스티치가 과하지 않아 좋음",계절이 문제인듯 보시긴 하나 아직까지 결제로는 이뤄지지 않음. 디자인 원단 핏 모두 만족스러우나 매년 같은 스타일의 디자인이 고객들에게 어필하지 못하는거 같음,봤을땐 이뻐보이나 막상 착용해보시고는 반응 무. 핏이나 컬러감이 공용으로 입으시기엔 여성분들껜 너무 보이시함.그렇다고 남성분들이 입으시기엔 핏이 어쩡쩡하다고 하심 싸이즈 미스인듯 입었을때 반응이 좋지 않음.디자인 배색이 참 어려운 부분인데 이상하게 엄브로나 뉴발 나이키 배색은 선호하시니..머가 문제인지..그리고 커러 배색이 너무 침침함,미입고,"날씨가 너무 너무 덥고 예전에 비해 소비가 더 줄어든거 같음. 원하는 브랜드만 방문하시는 고객들이 너무 많이 늘었음.
픽한 매장만 방문. 소비문화가 바뀐것도 한몫."
2025-08-25 11:03:08,10,6036/대구칠곡,다소 빠르다,만족하는 편,만족하는 편,만족하는 편,만족하는 편,착용시 핏이 예쁘며 무게감도 두께감 대비 별로 없는 편이라 괜찮다고 하십니다.,"3AWJB0154와 함께 커플로 많이들 보시는 제품인데 기장감이 많이 짧지 않고 , 양쪽 포켓이 있어서 마음에 들어 하세요",매장에 입고가 되지 않아 아직 실물을 보지 못했습니다.,두께감도 적당하고 무엇보다 무게가 가벼워서 다들 좋아하시는데 자칫 부해 보일 수 있는 부분을 스티치로 살려서 괜찮다고 하세요,목에 올라오는 카라부분이 좁아서 얼굴이 크게 보인다고 더 넓었으면 좋겠다고 하셨습니다.,매장에 입고가 되지 않아 아직 실물을 보지 못했습니다.,입고 되지 않았습니다.,작년대비 날씨가 식을 줄 모르고 더워요. 다른지역도 그렇겠지만 아침부터 저녁까지 푹푹 찌고 있어 아직까지도 반팔 찾으시는 분들이 훨씬 많으세요
2025-08-25 11:04:02,11,M733/서귀포,적당하다,매우 만족,매우 만족,매우 만족,매우 만족,"기본디자인이라 반응은 무난할듯 한데, 색상이 너무 단조롭고, 재고부족으로 사이즈 미 입고 상품이 너무 많아요. 현장에서 판매에 어려움이 많습니다.","재고 부족이 가장 크고, 너무 무난한 색감이, 최근 제품들이 국내를 겨냥한 제품이 많은거 같은데, 반대로 MLB스러운 제품이 너무 없어서 걱정 입니다.",로고로 인해 기피하는 분도 있어요. NY를 더 선호 합니다.,반응 없음,반응 좋습니다. 색감때문에 아이보리 컬러 반응이 좋아요,아직 반응 없습니다.,미입고,"날씨영향, 타 브랜드 대비 스타일 차이점 없음"
2025-08-25 11:04:04,12,신세계사우스시티,적당하다,만족하는 편,다소 불만족,만족하는 편,다소 불만족,기본디자인으로무난하게착용하기좋을것같고. 다양한컬러가입고되었다면반응더좋았을듯합니다,핏감도반응좋고 원단때문에 반응이 확실히좋음,마네킹에 디피후 점점반으이이좋고핏감및원단도 반응이좋음,핏감도여성스럽고루즈해서.편하게착용하기좋인반응이좋음,기본디자인이기하나.반응이크게있지않음.좀더크롭으로나왔으면 반응이좋을것같음,미입고상품,미입고상품,날짜영향이크고 점점반응이오고있고. 미입고상품이많아.디자인이나컬러가다양하지않은 영향이크다고생각합니다 사이즈도 다양하지않아.있는사이즈만주문받고판매하고있습니다
2025-08-25 11:19:39,13,6022/영주,다소 빠르다,만족하는 편,만족하는 편,만족하는 편,만족하는 편,디자인이 심플해서 연령대 상관없이 많이 입으실수 있는 디자인이지만 아직은 날씨가 더워서 반응이 없는것 같습니다,여성분들이 좋아하는 스타일에 깔끔하고 길이도 적당한 디자인것 같습니다,저희 매장 미입고 상품입니다,스티치포인트가 들어가서 옷을 입으면 슬림해 보일것 같습니다,디자인이 깔끔해서 젊은 학생들이 선호 할것같은 디자인 입니다,배색이 들어간 디자인이라 너무 탁해보이지 않고 배색이 되었다고 해서 화려하지않고 배색이 너무 잘 들어간 디자인인것 같습니다,"일단 지금은 날씨가 너무 더워 반응이 없지만 날씨가 쌀쌀해지면 반응이 올것같고
 그리고 MLB마니아 분들중에 등산 좋아하시는 분들이 좋아하실것 같습니다",아직은 날씨가 너무 더워서 고객님들이 가을상품에 관심을 두지 않으시는것 같습니다
2025-08-25 11:20:51,14,6021/인천스퀘어원,다소 빠르다,다소 불만족,다소 불만족,만족하는 편,다소 불만족,소재감과 핏이 다소 어울리지 않음. 바람막이에 비해 두께감이 있음.,디자인에 비해 너무 디테일이 없음.,엠엘비에 대한 강조가 없음. 다른 브랜드와 디자인이 겹침.,소매가 너무 길고 디자인이 눈에 안 띈다.,고객 호응도 괜찮음. 다양한 색상이 있었음 좋겠습니다.,디자인은 예쁘지만 전체적인 코디하기 다소 어려움이 있음.,너무 이른 시기에 들어와서 고객 반응도 없음.,전체적으로 이른감이 있음.
2025-08-25 11:26:16,15,6037/안성점,적당하다,다소 불만족,다소 불만족,다소 불만족,다소 불만족,"그냥 어느 매장에 들어가서 가을 바람막이 찾으면 있을것 같은 무난한 디자인
이렇게 무난한 디자인은 브랜드를 좋아해야 구매함. 신규유입 어려움 (선택지가 많음.), 기존고객은 비슷한제품 구매한상태라면 차별점 없음. 그럼에도 기본 스타일이 이것뿐이기에 있어야할 제품","그냥 어느 매장에 들어가서 가을 바람막이 찾으면 있을것 같은 무난한 디자인
이렇게 무난한 디자인은 브랜드를 좋아해야 구매함. 신규유입 어려움 (선택지가 많음.), 기존고객은 비슷한제품 구매한상태라면 차별점 없음. 그럼에도 기본 스타일이 이것뿐이기에 있어야할 제품","고프코어 자켓은 다 똑같은 디자인으로 색만 바꾼것 같습니다.
그리고 출고가 되어야 원단질감에 맞는 색상을 잘 만들었는지 볼 수 있을것인데 입고가 안되어서 모르겠습니다.
사진으로 보면 밝은 색은 예쁠것 같은데 입고가 안되었네요","MLB에서는 뉴 디자인이지만 전체적인 첫인상은 그냥 무난한 바람막이 자켓입니다.
로고 컬러가 원단과 비슷하여 로고 눈에 띄는 걸 싫어하는 고객에게 좋을 것으로 생각됩니다.","바지 세트가 아직 입고가 안된것인지 없는 것인지 모르겠지만 이런 스타일은 바지와 같이 판매하기 좋은데 그게 아쉽습니다.
첫인상은 무난한 자켓입니다.",예전에 많이 보던 스타일로 무난할 것 같습니다.,"미입고 매장입니다.
사진으로 보았을때 아웃도어에서 예전에 만들던 디자인이 좀 많은것 같습니다. 
코오롱스포츠가 세련된 디자인이 많은것 같던데 거기랑 비교하면 좀 예전 디자인같습니다.","25F WJ 입고가 된지 일주일도 안되었습니다. 그래서 늦은것과 지금 날씨가 폭염으로 엄청 더워서 시원한 반팔을 계속 찾으십니다.
그리고 날씨가 더워서 이미 반팔을 구매하신 분들은 자켓을 보시기 보단 모자, 신발, 가방을 좀더 보시는것 같습니다."
2025-08-25 11:27:22,16,031/현대대구,적당하다,만족하는 편,만족하는 편,매우 만족,만족하는 편,아직 날씨가 많이 더워 고객님들의 시착이 거의 없습니다.등판로고없이 깔끔한 디자인이라 데일리로 활용하기 좋아 앞으로 본격적인 FW시작되면 판매율이 상승할 것 같습니다.,아이보리 컬러는 색상은 너무 예쁘게 나왔습니다. ss에 비해 핏이 전체적으로 벙벙해진 것 같습니다.바스트가 있으신 분들이 입으면 너무 뚱뚱해보인다고 하셔서 호불호가 강합니다.소매부분도 너무 크게 나와 벨크로 붙혔을때 소매부분이 불편하다 하십니다.,전체적인 사이즈나 핏이 잘 나온 것 같습니다.원단도 데일리로 활용하기에 부담스럽지않고 컬러감도 마음에 들어하시지만 이 상품도 소매 시보리 부분이 벨크로를 붙혔을때 너무 뻣뻣하고 어색합니다.,고객님들 반응이 좋습니다.아이보리컬러 블랙컬러 모두 부드러운 터치감에 날씬해보이는 스티치로 고객님들 반응이 좋은 편 이고 기장도 생각보다 길게 나와 더 좋은 것 같습니다.,넥에서 어깨떨어지는부분이 넓은 어깨이신분들이 입으셨을때 핏이 어정쩡하게 뜹니다.컬러나 쫀쫀한 원단감은 좋아하십니다.,미입고 매장입니다.,미입고 매장입니다.,지난주말 대구 기온은 35도 였습니다.입추가 지나도 너무 더운 날씨때문에 판매속도가 더딘 것 같습니다.
2025-08-25 11:49:33,17,718/여천,다소 빠르다,만족하는 편,만족하는 편,만족하는 편,만족하는 편,무난한 디자인에 심플할 거 좋아하시는 분들이 좋아하심.,디자인 심플해 많이들 이뻐하심. 다만 품이 너무 크다는 의견도 있음.,.,.,.,너무 아웃도어 느낌난다는 말이 있었음.,.,"날씨가 아직 더워 긴팔라인을 보지 않음. 그나마 보시는 제품은 반팔이고, 작년에도 10월까지 더웠던 걸 가만하면 아직 판매시기가 이른 거 같음."
2025-08-25 11:52:06,18,193/아이파크용산,다소 빠르다,만족하는 편,만족하는 편,만족하는 편,만족하는 편,"기본스타일이다보니 반응이 나쁘지 않습니다 하지만 이번에 카키색상이 잘나오다보니 반응이 좋은데 주문을해도 다소 늦는감이 있어 아쉽습니다 하지만 고어텍스 바람막이가 나오다보니 같이 보시면 당연히 고어텍스 바람막이쪽으로 마음이 기우는데 가격이 너무 
비싸다보니 둘다 놓치는경우가 있습니다","디자인이 비슷한 느낌이라고 외국 국내 고객님들이 다들 말씀하십니다 3AWJB0154 같은경우 비슷하다해도 무난한 스타일이라 
보시긴하는데 3F 같은경우 작년 재작년 비슷한 느낌이 많다보니 아쉬운 경향이 있습니다 좀 저렴 했으면 하는 바램도 있습니다","반응이 전혀 없습니다 해외고객님들이 그나마 반응이 좀 있는데 디자인도 너무 비슷하고 WJB0254 보기보단 WJB0154 
WJV0154 같은경우가 반응이 많습니다","일단 디자인도 비슷한느낌으로 안나오다보니 반응이 좋은데 이번엔 색상이 너무 잘나왔습니다 50BRL 컬러스타일이 
이번에 나온 WPB0654 50BGD 컬러랑 매치하기 좋다보니 세트로 팔기에 너무 좋고 입었을때 스포티한단 디자인도 비슷한느낌으로 안나오다보니 반응이 좋은데 이번엔 색상이 너무 잘나왔습니다 50BRL 컬러스타일이 
이번에 나온 WPB0654 50BGD 컬러랑 매치하기 좋다보니 세트로 팔기에 너무 좋고 입었을때 스포티한느낌과 빈티지한 느낌이 나서 좋습니다","3FWJV0154 같은데 이스타일은 가볍게 입기에 좋아 중,고등학생한테 반응이 있습니다 또 이번에 바지가 잘나왔는데 
같이 코디해서 입기에 가볍고 심플해 여성분들이 종종 보시는 상품입니다",미입고 상품입니다,"일단 가볍다보니 반응이 좋다가 가격보고 거의 모든분들이 고어텍스야 하고 보시면 고어텍스인거 보고 인정을 하십니다 
하지만 가격이 너무 나가다보니 이가격이면 안산다는 분들이 대다수다보니 가격이 조금만 낮춰줬으면 어땟을까 하는 바램이 있습니다 고어텍스 바람막이 만족감 보시고 WJB0154 WJV0154 보시면 비교가 되다보니 돌아가시는 분들도 좀 있습니다","일단 날씨가 너무 덥고 무더위다보니 반응이 크게 없습니다 국내고객님들 특성상 날씨가 추워져야 구매를 하시는편이고 
해외고객님들이 미리미리 덥더라도 구매를 하시는 분들이 많습니다 또 사이즈가 다양하게 안나오는 상품도 있고 요청을해도 
안들어오거나 한두개뿐이 안들어와 아쉽습니다"
2025-08-25 11:52:23,19,167/롯데 창원,적당하다,만족하는 편,만족하는 편,만족하는 편,만족하는 편,아직까지는 날씨가 많이 더워서 많이 안찾음 디자인은 깔끔하다고 하심,핑크 배색의 불호가 강함 디자인이나 원단은 좋다고 하심,CGS컬러에 보스턴 로고가 불호가 많음,50BRL 색상이 안부담스럽고 예쁘다고 하심,3FWJV0153이랑 많이 비교하시면서 코디하기 애매하다고 하심,모자가 탈부착이 안되서 착용감이 조금 불편하실 것 같다고 하심,엠엘비에 고프코어가 있는지 잘모르고 비슷한가격대의 아웃도어브랜드를 더 선호하심,경남 날씨가 30도를 웃돌고 10월까지 덥다는 말이 많아서 아우터를 많이 안보심
2025-08-25 11:53:06,20,032 / 현대울산,적당하다,만족하는 편,만족하는 편,만족하는 편,만족하는 편,현재 매장에 입고되어 고객님들의 반응을 볼수없는 이유중 하나가 날씨 영향이 가장 많이 있었습니다 아무래도 기본적인 디자인에 작년 상품과 비교해보면 깔끔한 스타일로 괜찮으나 기본적인 상품 라인중에서는 조금더 시간이 있어야 고객님들의 반응을 기대할 수 있을꺼 같습니다,현재 입고되어 있으나 고객님들의 반응을 볼수가 없었습니다 아직까지 얇은 바람막이와 FW상품중에는 반집업 정도 까지는 고객님들의 반응은 있었으나 조금더 시간이 있어야 고객님들의 반응을 기대할 수 있을꺼 같습니다,항상 나오는 메가로고 시리즈 상품에서 조금더 달라진 부분이 배색 부분 투패턴으로 기존과 다른느낌을 주는 형식은 괜찮은거 같습니다 다만 아직까지 전체적으로 고객님들의 반응은 기대할수 없었으며 조금더 날씨가 바뀌는 부분이 있어야 매장에서 고객님들의 니즈를 파악할 수 있을꺼같습니다,현재 FW상품중에 가장 두께감이 얇게 나오는 부분이 있어서 고객님들이 상품을 보시는 부분이 있었습니다 입으셨을때 반응이 나쁜부분이 없었으며 기존 연령층 젊은 분들에게 인기가 괜찮았습니다,현재 FW상품중에 가장 두께감이 얇게 나오는 부분이 있어서 고객님들이 상품을 보시는 부분이 있었습니다 입으셨을때 반응이 나쁜부분이 없었으며 기존 연령층 젊은 분들에게 인기가 괜찮았습니다,현재 입고된 바람막이 상품라인중에서는 두께감이 두껍지않아 상품을 보시는 분들은 조금 있었으나 아직 까지 판매로 이루어 지는 경우가 없었습니다 디자인 부분이나 소재감이 나쁘지 않아 판매부분에서 괜찮은 부분이 있었으나 조금더 고객님들의 반응을 기대해봐야 될꺼같습니다,현대울산점은 미입고상품입니다,현재 매장에 오시는 고객님들의 구매하시는 상품군을 볼때 아직까지 FW아우터 상품을 구매하기엔 상품군이 너무 두껍다라는 의견이 많이 있었습니다 예전에는 그래도 나중에 상품을 보시는 부분보다 신상을 보시면서 구매하시려는 고객님들이 있으셨다면 현재 매장에서 판매되는 부분에서는 기존 25S 상품군을 고객님들이 조금더 많이 보시는 부분이 많아 판매가 늦어지는 부분이 가장 큰 이유인거 같습니다
2025-08-25 11:54:16,21,082/신세계 본점,적당하다,만족하는 편,만족하는 편,만족하는 편,만족하는 편,날씨 때문인지 아직 직접적인 고객님들의 반응은 없지만 전년보다는 훨씬 심플하고 베이직한 디자인에 끈디테일도 있어 20~30대 젊은 층도 좋아 하실 것 같습니다.,핏 자체나 컬러감은 좋지만 주머니입구 위치가 불편하고 지퍼가 없어 아쉽습니다.,컬러배색과 앞판 로고가 톤온톤으로 어우러져 디자인 적으로는 예쁘지만 여전히 등판 메가로고가 부담스러워 구매까지 이어지진 않습니다.,"현재 매장에서 제일 터치율과 구매율이 높은 상품으로 컬러와 스티치의 조화롭고 간절기용으로 두껍지 않으며, 기장감도 많이 짧지 않아 연령대 상관없이 반응이 좋습니다.","질감이 매트하고 무게감이 있어 바람막이,운동복 뿐만아니라 일상에서도 예쁘고 자유롭게 매치 할 수 있어서 고객들의 반응이 호조인 상품입니다.","광택이 없고 무게감이 있어 바람막이,운동복 뿐만아니라 일상에서도 자유롭게 매치 할 수 있어서 10대~20대 젊은 층 고객분들의 터치율이 높습니다.",신규 런칭 된 고어텍스 라인의 경우 착장감이나 기능성면에서는 우수하나 가격대와 로고의 위치 때문에 다소 부담을 느끼시는 고객 분들이 많아 아직까지 판매로 이어지진 않고 있습니다.,아직까지도 33~34도가 되는 날씨의 영향이 제일 큰 것 같습니다.
2025-08-25 12:00:33,22,524/가로수길,적당하다,만족하는 편,만족하는 편,매우 만족,매우 만족,"아직 폭염으로 인해 터치율이 낮은 편이지만 심플한 디자인과 소재로 반응 좋을것으로 예상됨, 로고가 큰 편이라 스몰로고로 제작되었으면 반응 더 좋았을 것으로 예상됩니다","50PKD 컬러 배색으로 반응 좋은 편 , 전면 포켓이 너무 크다는 피드백 있었습니다.","배부분, 소매부분 오염될 가능성이 커서 배색이 밝은 컬러가 위쪽으로 어두운컬러가 아래로 배색되었으면하는 아쉬움이 있습니다","루즈핏과 심플하고 스포티한 디자인으로 중국, 내국인 반응 좋은 편이며 50BRL 컬러 수요 많을 것으로 예상됩니다","50BKS 컬러보다 50IVS 컬러 터치율이 높은 편이며, 중국, 대만 고객님들 터치율 높은편이나 아직 날씨가 더워 판매건은 저조한 편입니다.","43CGS보다는 50BKS 컬러 반응이 좋은 편이며, 공용 상품이지만 남성 고객님들 터치율이 많은 편입니다",터치율은 있는 편이지만 가격 저항이 심한편이라 아직까지는 판매 저조한 편입니다.,폭염으로 인해 아직 일교차가 크지 않아 바람막이 수요가 적은 편 같습니다.
2025-08-25 12:05:37,23,535 / 스타필드 하남,적당하다,만족하는 편,만족하는 편,만족하는 편,만족하는 편,등에 빅 로고 패턴을 과감히 빼니 아직 더운날씨인데도 반응이 좋습니다. 대부분 고객들이 부담스러운 로고가 줄어서 좋다는 반응입니다.,주머니가 너무 커 오히려 여성 고어라인 제품의 반응이 더 좋은편입니다.,"아직까진 반응이 없습니다.. 투톤의 경우 더 더워보일 수 있어서 날씨가 좀 더 추워져야 반응이 오지 않을까 싶습니다.
뒷면 빅로고를 다소 부담스러워 하는 고객들이 다수있습니다.",아직까진 반응이 미비하지만 두깨감과 톤온톤 스티치로 점차 반응이 올라올 것으로 보입니다.,작년 디자인들과 너무 곂친다는 반응이 대부분입니다.,다른 디자인들에 비해 터치 횟수가 적은 모델입니다. 넥 부분이 호불호가 있는 편입니다.,"가격대가 높지만 디자인과 컬러 반응이 좋습니다. 오히려 기본 라인보다 고어텍스 제품들의 터치 및 착용 횟수도 더 많습니다.
포인트 디자인들도 톤온톤으로 들어가있어 과하지 않은 느낌을 줘 반응이 좋은 것 같습니다.","30도가 넘는 날씨가 계속 되다보니 아무래도 판매가 더디며 매장 전면에 FW제품을 행잉했음에도 반팔, 반바지를 찾는 고객이 여전히 많습니다. 여름 제품과 단가 차이도 크다보니 구매를 망설이는 경우도 더러 있습니다.
추워지며 점차 판매가 올라오지 않을까 예상됩니다. 카리나FW를 적극 활용하면 도움이 될 듯합니다."
2025-08-25 12:33:42,24,422/신라용산아이파크면세점,다소 느리다,만족하는 편,다소 불만족,다소 불만족,만족하는 편,심플한 디자인과 소재와 핏에서 만족한다.전반적으로 반응은 무난하나 작년에 비해 색상 옵션이 부족하다는 의견들이 나왔다.다양한컬러가 추가되면 더 좋은 반응을 얻을수 있을것같다,전반적으로 단가 부분에서 다소 가격대가 높다는 반응들이 대다수였다.,베이직 디자인에 트렌디하여 젊은 고객층의 관심이 높은편이다.하지만 심플한 디자인을 선호하는 고객층에게는 부담스러울수 있다.컬러 옵션이나 로고크기를 다양하다면 더 반응이 좋을것같다.,스티치 포인트로 깔끔하면서 세련된 느낌을 주지만 높은 단가라면 구매가 주춤할수가 있다.블랙 단일 컬러라 다소 무난할수있지만 컬러선택이 다양하다면 반응 또한 좋을수있다.,밝은 컬러감에 봄시즌에 잘 어울리고 두툼한 소재로 가을 시즌에도 착용가능하여 활용성이 높다.또한 라인자체가 여성스럽게 개선되여 반응이 좋을것 같다.다만 블랙이나 네이비 같은 실용적인 색상 보완도 필요하다고 생각한다.,배색 포인트에 디자인이 스포티브하고 활동적인 느낌을 줘서 반응이 좋을것같다.또한 적당한 단가라면 더 좋은 호응을 얻을것 같다.,아직은 더운 날씨로 인해 관심은 있지만 가격대가 높아 선뜻 구매가 어려운 느낌이다.하지만 날씨 변화에 따라 판매가 확대될것으로 보인다.,날씨와 시즌 전환이 가장 큰 원인이며 상품 다자인은 무난하나 전년대비 포인트가 부족해 차별성이 약하다는 의견이 나왔다.
2025-08-25 12:43:49,25,089/롯데 동탄,적당하다,매우 만족,만족하는 편,만족하는 편,만족하는 편,"아직 날이 더워 반응은 보지 못했으나 소재, 마감, 겉감, 안감 모두 탄탄하고 두께감도 적당하고 날이 풀리면 이런 장점들을 살려 바람막이를 찾는 고객님들께 좋은 반응을 얻을 수 있을것 같습니다.",아직 반응은 보지 못했으나 너무 크롭하지 않은 기장감과 여유있는 핏으로 다양한 체형의 고객님들이 착용할 수 있으며 긴 기장감을 좋아하지 않는 고객님들께 좋은 반응을 볼 수 있을것 같습니다.,아직 바람막이를 찾는 고객님들이 적어 다소 반응을 보지 못했으나 너무 흔하지 않은 스타일의 바람막이를 찾는 고객님들께 추천해 드릴 수 있을것 같습니다.,"툭 떨어지는 핏의 느낌으로 여리여리해 보이는 느낌을 원하시는 고객님들이나 10대, 20대, 30대 고객님들한테까지 추천해 드릴 수 있는 디자인의 느낌으로 너무 흔하지 않으면서도 살짝 라인으로 포인트를 주어 과하지 않은 무난한 포인트로 어필 할 수 있을 것 같습니다.",다소 핏한 느낌을 좋아하시는 고객님들께 추천해 드리면 좋을 것 같습니다. 이 디자인으로 남성 스타일이 있었으면 좋겠다는 고객님들의 의견도 있었습니다.,아직 날이 더워 반응을 보지 못했으나 다양한 핏과 두께감으로 고객님의 선택지가 더 많아져 원하시는 니즈에 따라 추천해 드릴 수 있을것 같습니다.,매장에 입고되지 않아 반응을 보지 못하였습니다.,작년보다 여름이 더 길어진 탓인것 같습니다.
2025-08-25 12:46:00,26,738/강릉,적당하다,만족하는 편,만족하는 편,만족하는 편,만족하는 편,"로고가 좀 큰것 같아요. 
기본 디자인이라 무난한 반응 예상 됩니다.",오픈 포켓은 그다지 선호하지 않아요.. 암 홀이 좀 넓은 느낌.,"등판 로고를 조금 부담 스러워 하시긴 하지만 배색 바람막이 찾으시는 고객이 종종있어
좋은 반응 예상됨.","힙한 느낌이고 너무 오버핏도 아닌, 핏도 괜찮아서 좋은반응 예상됩니다.
소재감도 좋고 착장시에 이뻐요",무난한 반응임. 여성 라인중 제일 무난한 wj,"나그란 핏이라? 착장시에 부해 보이지도 않고 좋아요 소재감도 괜찮으나
넥 부분이 조금 불편할것 같은느낌.",출고요망,"날씨가 아직 많이 덥고, 그리고 일단 매장에 입고가 안되어 디피를 할수가 없습니다.
사이즈 한두장씩 이라도 전 컬러를 주셔야 vm 이행도 할텐데.. 메인은 핑크색 다 입혀놓고 한장도 입고 안시켜 주시는건 너무하지요ㅠ..."
2025-08-25 12:49:37,27,6043/당진,다소 빠르다,만족하는 편,만족하는 편,매우 만족,다소 불만족,"베이직 라인은 전년 대비 크게 바뀐 느낌은 없으나 후드 모자 줄 디테일 변화가 좋습니다.
단골 고객님들이 항상 하시는 말씀이 작년과 똑같다는 의견이 많은데 작게라도 이런 디테일 변화가 있으면 판매에 도움이 됩니다.",전년과 색상 디자인 구성이 비슷하나 작년보다 좀더 벙벙하고 아방한 느낌이 들어서 그 부분을 고객님께 어필하려 합니다.,매장에 입고되지 않아 설명이 어렵습니다.,"아직은 날씨가 더워 구매로 이어지진 않지만 고객님들께서 한번씩 보시고 착용해보시는 제품입니다.
스티치가 좀더 눈에 띄었으면 좋겠다는 의견도 있었습니다.","적년 여성 바시티 바람막이와 크게 다른점이 있다고 생각이 들진 않습니다.
여성 바람막이 중 유일하게 모자가 없는 제품이라 그 부분을 어필하여 판매하고 있습니다.",매장에 입고되지 않아 설명이 어렵습니다.,입고x,아무래도 아직까지 날씨가 30도를 넘다보니 바람막이가 입고됐음에도 찾으시는 분들이 없습니다..
2025-08-25 12:51:37,28,114/현대천호,적당하다,만족하는 편,만족하는 편,만족하는 편,만족하는 편,"두께감이 있음에도 불구하고 상품 자체 디자인,금액을 보고 입어보시는 고객님들 다수",전년과 디자인이 같다고 말씀 하시는 분들이 많음,전년에도 배색이 들어간 바람막이 반응이 저조 했었던 바 걱정스럽긴 함,문의주시는 고객님들 다수로 fw반응 기대됨,아직 고객반응이 없으나 디자인적으로 예쁘다 하시는 분들 많아 fw반응 기대됨,아직 고객반응이 없으나 디자인적으로 예쁘다 하시는 분들 많아 fw반응 기대됨,실물 못봄.,"날씨가 전체적으로 아직 덥고 습해 나시 , 반팔류를 찾으시는 분들이 많아 겉옷라인 반응이 늦음"
2025-08-25 13:32:21,29,아이즈빌 부평,너무 빠르다,만족하는 편,만족하는 편,만족하는 편,만족하는 편,빠른 출고로 인하여 찾는 고객 없음,빠른 출고로 인하여 찾는 고객 없음,빠른 출고로 인하여 찾는 고객 없음,빠른 출고로 인하여 찾는 고객 없음,빠른 출고로 인하여 찾는 고객 없음,빠른 출고로 인하여 찾는 고객 없음,미입고,"날씨가 현재 30도 이상 입니다. 긴팔 ,바람막이 찾는 고객 없음. 현재 매장 입점 고객 가을 상품에 관심 없음."
2025-08-25 13:34:12,30,533/타임스트림 신림,적당하다,만족하는 편,다소 불만족,다소 불만족,만족하는 편,"바람막이 하면 떠오르는 스포티한 느낌이 없고 유행 타지 않는 베이직한 스타일이라
남녀노소 상관 없이 쉽게 접근할 수 있어 한 스타일 정도는 꼭 있어야하는 디자인이라고 생각합니다.","24SS에 반응이 좋았던 3FWJB0141 디자인으로 이번 25FW에 신규 고객님들께는 좋은 반응 예상되나 
기존 고객님들이 느끼기에 3FWJB0141과는 디자인적으로 크게 다른점이 눈에 띄지 않아 아쉽습니다.","메가로고의 수요층이 점점 줄어드는 추세로 느껴집니다. 메가로고 없는 블러킹 디자인으로 나왔으면 하는 아쉬움이 있지만
메가로고의 재귀반사와 발수, 방오성능을 최대한 활용해서 판매하면 좋은 반응 있지 않을까 예상합니다.","와샤소재로 착용시 가볍고 나그랑 어깨라인과 잘 어우러지는 느낌입니다. 
다소 밋밋할 수 있는 컬러와 디자인이지만 재귀반사 스티치가 더해져 그 점을 보완해 좋은 반응 예상합니다.",배색 파이핑디자인과 UV차단기능이 좋은 셀링 포인트가 될 것 같습니다.,입고되진 않았지만 세미크롭 기장을 선호하지 않은 고객층에게 좋은 반응 예상됩니다.,미입고 매장입니다.,"날씨의 영향이 제일 큰 것 같습니다. 작년만해도 11월까지 후드(집업)으로 버티다가 패딩으로 넘어가는 고객님들이 많았습니다.
바람막이의 필요성을 느낄 수 없는 날씨의 영향이 제일 큰 것 같고, 많은 사람들이 바람막이라고 하면 기능성 의류로 생각을 하고 있어서 스포츠 아웃도어 브랜드에서 구매하는걸 선호하는 느낌입니다."
2025-08-25 13:36:29,31,112/롯데광주,적당하다,만족하는 편,만족하는 편,매우 만족,매우 만족,군더더기 없는 디자인이긴 하지만 브랜드 특성상 기본보단 포인트가 더 있는 디자인들을 찾으심,전년도 보다 원단이 더 탄탄한 느낌이고 주머니에 물건을 넣어도 앞으로 안쏠려서 좋음,다른 바람막이보단 가벼워서 지금 판매가 이뤄지기 좋음,가벼운 원단과 스티치 포인트가 이뻐서 더위가 조금 가신다면 좋은 반응이 기대됨,셋업 하의가 없는점이 아쉬움 작년도와 비슷하지만 옷 자체는 이쁨,옷이 무게감이 있는 편인데 모자 탈부착이 안되는 점이 아쉽지만 디자인은 트렌디하고 배색도 이쁘개 들어감,옷 못받음,날이 더우니 점퍼가 눈에 안들어옴
2025-08-25 14:07:21,32,014/롯데분당,다소 빠르다,만족하는 편,다소 불만족,다소 불만족,만족하는 편,디자인 심플하고 입었을때 핏도 예쁘지만 지금 반응을 보기에는 소재가 두껍고 무거움. 전년대비 디자인이 더 깔끔하고 예뻐짐. 소매 시보리 부분이 너무 넓은데 조이면 밸크로 끝부분이 삐져나오는게 심해서 불편하고 예쁘지가 않음.,3AWJB0154처럼 포켓 부분이 좀더 심플하면서 소매 끝이 밸크로가 아니라 밴딩이나 조절가능한 밴딩으로 되었으면 더 좋았을것 같음.,전년에 비해 디자인이 깔끔해지고 관심도도 높아짐. 과하지 않은 디자인으로 반응이 좋을것 같음.,스티치보다는 라인이나 좀더 어두운 그레이 포인트였으면 더 좋았을것 같음.,전시즌과 크게 다를게 없는 디자인이라 차별성이 좀 부족함. 그래도 전시즌보다는 많이 개선된 디자인이라 다행임.,컬러나 배색은 예쁘게 나왔는데 등판 로고 디자인이 좀 아쉬움.,미입고.,날씨가 아직 너무 덥고 습함. 아우터의 필요성이 전혀 없음. 아침저녁으로 일교차가 커져야 아우터 수요가 늘어남.
2025-08-25 14:13:53,33,169/롯데상인,적당하다,매우 만족,만족하는 편,매우 만족,매우 만족,시즌다마 나오는 베이직 바람막이 스타일로 디자인이 심플하여 데일리로 입기 좋은 아이템. 두께감이 딱 적당하며 소재가 탄탄해져서 좋아요.,"봄꺼랑 디자인이 너무 비슷하네요.. 유사디자인이라 조금 아쉽네요.. 모자 탈부착이 되엇으면 더 실용적이엿을꺼같아요.
봄에도 반응이 좋앗던 상품이라 이번에도 판매가 좋을꺼라 기대합니다",메가 로고가 포인트이긴하나 요즘은 너무 튀는느낌보다는 심플한 디자인을 더 선호하시는거같아요. 컬러 배색이 깔끔하네요.,다른 점퍼보다 소재가 가벼워요.밑에 스트링이 잇어서 스타일에 맞게 조절이 가능해서 좋아요.스티치 포인트 예뻐요~,"어깨라인과 등판로고가 포인트가 되어서 예뻐요.스트레치 소재로 입엇을때 착용감이 너무 편함.
오버핏이 아니라 착용시 핏이 예쁘네요.",미입고상품.,미입고상품.,우선 제일 큰 원인중에 하나가 날씨영향이 제일 크다고생각합니다..낮은 물론이고 아침 저녁또한 푹푹 찌는 온도에 아직까지 아우터를 구매해야겟다는 생각을 안하시는거같아요.매장에 점퍼가 걸려잇는데 눈길을 안주시네요 ..보시는분들 또한 점퍼는 나중에 봐야지 하십니다..
2025-08-25 14:25:22,34,021/롯데광복,적당하다,만족하는 편,만족하는 편,만족하는 편,만족하는 편,날씨가 아직 더워서인지 반응 없음,날씨가 아직 더워서인지 반응 없음,비슷한 디자인으로 반응이 없음,날씨가 아직 더워서인지 반응은 없지만 여유있는 핏으로 선호도가 좋을 것 같음,깔끔한 디자인에 착용시 핏이 예쁨,두께감 차이만 있을뿐 비슷한 디자인이라서 반응이 없음,미입고,날씨가 너무 더워서 fw상품은 아직 반응이 없음
2025-08-25 14:59:42,35,044/ 롯데 중동,적당하다,매우 만족,매우 만족,매우 만족,매우 만족,기장감이 여유롭고 테플론 가공으로 얼룩이 잘 생기지 않아 우천시에도 좋을 거 같음.,"기장감이 너무 짧지 않고 구김이 잘 가지 않아서 깔끔하게 입을 수 있고 특히 43SAS,50PKD 컬러 배색 포인트가 돋보여서 트렌디한 고프코어 룩 가능. 후드와 밑단 스트링으로 핏 조절이 가능해서 다양한 스타일 연출 가능하여 반응 좋음.",비교적 가볍고 컬러 배색 포인트가 돋보여서 트렌디한 고프코어 룩 가능.,소재가 부드럽고 가벼워서 활동성이 좋으나 스티치 호불호 있음.,3FWJV0154 / 신축성이 좋고 시착시 시원한 느낌을 줘서 반응 좋으며 야외 운동 (런닝) 즐겨하는 고객님들이 주로 보심.,3AWJV0154 / 비교적 기장감이 조금 짧은 거 같고 블러킹 디테일이 스포티한 무드 연출 가능하고 소재가 부드러워서 시착시 착용감이 좋다고 하심.,매장 입고 안 됨,날씨 영향이 큰 것 같습니다. 무더위 지속으로 여전히 여름 상품 위주로 소비를 하고 있기 때문에 아우터 구매 전환이 지연되는 거 같습니다.
2025-08-25 15:27:35,36,035/롯데평촌,적당하다,만족하는 편,만족하는 편,만족하는 편,만족하는 편,"이번에 로고크기감도 잘 나온 것 같고, 기본디자인으로 밋밋할 수 있지만 후드끈이 있어 캐주얼한 느낌을 주는 것 같아 
디자인 적으로 좋은 것 같습니다.","고객의 반응은 아직 없지만 착용해보았을 때 작년 제품보단 원단감이 좀 더 부드러워져서 편안한 느낌이 들고,
길이감이나 품이 좀 더 넉넉해진점이 좋은 것 같습니다.
보안 할 점이 있다면 주머니가 옆지퍼 부분도 있으면 좋았을 것 같고 어꺠라인이 내려오는 디자인이라 어쩔 수 없지만,
고객님들께서 착용했을 당시 소매가 너무 길어 불편해하시는 분들이 있습니다.",컬러 배색이 잘 들어간 것 같고 디자인 적으로도 좋지만 투웨이 지퍼였으면 더 좋았을 것 같은 아쉬움이 있습니다.,"스티치 디자인적으로 잘 나온 디자인이라고 생각하고, 점차 반응이 더더욱 좋아질 것으로 예상되는 상품입니다.
색감적인 부분도 가을에 잘 어울리는 색감인 것 같습니다. 이런 스타일로 남여공용 제품도 나오면 좋을 것 같습니다.
또한 브라운컬러가 벌써 재고가 물류에 품절되고 있어 아쉽습니다.","원단감이 얇아 늦여름부터 판매하기 좋은 상품 인 것 같아 좀 더 빠른 입고가 되었어도 좋았을 것 같습니다.
부드러워 착용했을 때 편하고 소매부분을 잡아주어 소매길이감이 길어도 불편해 하지 않으시는 것 같습니다.
이런 디자인으로 길이감을 좀 더 길게하고 투웨이 지퍼로도 나오면 좋을 것 같습니다.","사진이 WJV0154 상품이 맞다면 젊은 남성고객층이 좋아할만한 스타일로 디자인이 잘 나온 것 같습니다.
너무 기본을 추구하는 베이직 바람막이 스타일보단 이런 캐주얼한 스타일이 나와 좋은 것 같습니다.",입고되지않았습니다,"일단 아우터 입고시기도 늦은 편이였고, 날씨영향이 가장 큰 것 같습니다.
여름이 길어지다보니 아직 고객님들의 인식이 아우터 구매를 생각하지 않은 것 같습니다.
또한, 저희가 가격대가 예전에 비해 많이 전체적으로 낮아졌다곤 하지만 아직도 타브랜드 쪽에선 가격대가 높은 편이기도 합니다.
몇몇 디자인 제품들은 다소 많이 높은 편이라 가격저항도 아직까진 좀 심한 편입니다."
2025-08-25 15:57:03,37,m180/신세계마산,적당하다,만족하는 편,만족하는 편,만족하는 편,만족하는 편,"소재감이 너무뻣뻣한느낌입니다 
깔끔한타입이라 무난하게 코디할때는 좋을꺼같습니다","메인시즌시 제일 반응좋을꺼같습니다
꾸준히 나갔던타입의 디자인이라 호불호없이 괜찬을꺼같습니다
기존시즌의 비슷한아이템이라. 중복느낌은 어쩔수없는거같습니다","메가로고심벌은 괜찬은거같습니다 
기존제품빅로고의타입과중복느낌이 덜한편이라괜찬은거같습니다",스티치라인 괜찬습니다 기장부분도 다른것보다조금 여유있어괜찬습니다.가벼운소재느낌이 반응 좋을꺼같습니다,"매시즌 제일반응좋았던타입이라 이번시즌도 괜찬을꺼같습니다. 
등판로고타입도 반응좋습니다","미입고제품입니다
라인포이든제품이라 반응은조금지켜봐야될꺼같습니다",미입고입니다,"무더운날씨영향도있긴하나 점퍼류는 더욱 손이많이안가는편이긴합니다
아직은 좀더지켜봐야될꺼같습니다 상하의판매가아직은 ss제품이 거의다입니다 9월은 되어야 날씨가더워도 제품을구매하는편입니다."
2025-08-25 16:10:11,38,095/모다대전,적당하다,만족하는 편,만족하는 편,만족하는 편,만족하는 편,아직 날씨가 너무 더워서 반응은 아직 없는 상태 입니다 디자인은 기본라인이라 좋습니다.,아직 날씨가 너무 더워서 반응은 아직 없는 상태 입니다 디자인은 기본라인이라 좋습니다.,아직 날씨가 너무 더워서 반응은 아직 없는 상태 입니다 지자인은 등판 프린팅이 잘 나와서 시즌 들어가면 코디주천 해주기 좋을거 같습니다.,"아직 날씨가 너무 더워서 반응은 아직 없는 상태 입니다 
디자인은 품이 타 상품군들 보다 더 커서 마르신 분들이 입기에 조금 울지는 느낌이 있습니다.",디셔츠랑 디자인이 비슷해서 함께 세트판매 할대 추천드릴수 있으며 소재감이 부드러워 여성분들이 시즌이 아닌데도 입어 보시는 상품입니다.,"아직 날씨가 너무 더워서 반응은 아직 없는 상태 입니다.
소재감이 타 바람막이 상품군들과 다르게 부드러워 좋습니다.",아직은 날씨가 너무 더워서 바람막이 보시는 분들이 많이 없는 상황이지만 그래도 디자인적으로는 이런 느낌의 상품군도 있다고 고객님들이 좋아해주시는 분들이 있습니다 캐주얼 라인으로만 생각했는데 이런 기본라인의 고어텍스 바람막이가 나와서 시즌이 다가오면서 판매 기대하고 있습니다.,일단 가장 중요한건 고객님들이 느끼기에도 매장에서 느끼기에도 날씨가 아직은 너무 더워서 아우터 전환이 늦어지고 있다고 생각합니다
2025-08-25 16:17:57,39,M6005/통영점,적당하다,만족하는 편,만족하는 편,만족하는 편,만족하는 편,"아직 날씨가 너무 더운탓인지 별 반응은 없습니다
기본디자인이라 무난할듯합니다",날씨가 덥지만 이제는 여름옷을 사기가 부담스러우신지 여성분들은 입어 보시곤 합니다 반응은 좋은편인듯합니다,두께감도 괜찮고 가벼운 편인듯합니다,착장했을떄 이쁜핏이라 이상품은 지금 저희도 고객님이 구매하셨는데 반응이 괜찮은 편인듯합니다,바지가 세트로 나왔으면 판매하기 더 좋았을듯합니다,무난한 디자인인거 같아요,저희는 안받았습니다,날씨가 너무 더운탓인거 같습니다
2025-08-25 17:01:54,40,6003/원주,적당하다,만족하는 편,매우 만족,만족하는 편,매우 만족,"핏 - 오버핏에 충실한 핏, 핏 잘나옴
소재 - 가격대 견주어 봤을 때 잘 나옴, 가격택과 FABRIC WATERPROOF / WATER REPELLENT / TAFLON 택이 같이 나온것이 세일즈포인트를 잘 보여주고 설명할 수 있게끔 만들어서 판매에 도움이 될 듯.
디자인 - 다만 로고가 와펜인것과 크기가 아쉬움. 와펜, 자수 외에 다른 재질의 로고가 들어갔다면 고급져보이고 좋았을 듯. 자수나 와펜이여도 3AWJB0254, 3AWJB0554 고무재질의 소재였으면 더 고급져보였을 듯. 아니면 아크테릭스 베타라인처럼 자수가 심플하고 더작게 들어갔으면 더 좋았을 듯함.","핏 - 작년과 비슷한 핏. 소비자가 피로도 느낄 듯.
소재 - 두께 및 소재 가격대에 견주어 봤을 때 적당한 듯. 가격택과 WATER REPELLENT / TAFLON 택이 같이 나온것이 세일즈포인트를 잘 보여주고 설명할 수 있게끔 만들어서 판매에 도움이 될 듯.
디자인 - 작년과 비슷한 컬러 라인. 소비자가 피로도 느낄 듯. 안에 넥라인이 한 번 더 들어간게 목부분이 휑해보이지 않고 잘 만듦.","핏- 행잉되어있을 때는 이쁘나 막상 입어봤을 때는 예쁘지 않음. 3AWJB0154 핏처럼 나왔으면 이 옷의 장점들이 훨 돋보였을 듯. 
소재 - 가벼워서 좋으나 가격대가 아쉬움. 3AWJB0154 보다 50,000원이나 비싼 이유를 잘 모르겠음. 가격대비 너무 소재에 대한 설명이 부족함. 택이나 공지로 세일즈포인트를 알려주면 좋을것 같음. 
디자인 - 방수지퍼나 포켓 디자인 예쁘게 잘 나옴. 다만 소재와 핏에서 오는 아쉬움이 너무 큼. 뒤 메가로고도 리플렉티브로 한 점은 기능성이 있어 좋으나 점모양보다는 그라데이션으로 했으면 더 예뻤을 것 같음. 
앞판 절개선이 있어서 중장년층에게는 어필이 되나 그러기에는 뒤 메가로고가 너무 큼. 소비층 애매할 듯.
가격 - 리플렉티브로고나 방수지퍼 때문에 가격대가 타제품에 비해 비싼 것은 알겠으나 그럼에도 불구하고 비쌈.","소재, 디자인 이전 FW에서 유례없던 디자인이라 신선함. 
소재 - 부드럽고 가벼움.
디자인 - 오버로크 디자인 으로 은은하게 포인되어 심심하지 않은 디자인.
핏 - 살짝 내려오는 어깨라인이나 숏한 오버핏밑에 스트링을 쪼이면 여성스러운 핏으로 여성스러운 것을 좋아하거나, 오히려 중장년층 여성에게 인기 있을 듯.","들어오자마자 반응 있음. 
디자인 - 작년과 같은 라인이나 컬러 소재 달라져서 피로도 덜함. 
소재 - 부드럽고 두께감 적당함.
핏 - 3FWJB0454에 비해 스포티브한 핏. 러닝족이나 운동하는 소비층들이 눈여겨 볼 듯.","호불호가 있는 디자인.
디자인 - 어깨 배색과 뒷판 로고가 잘 어울림. 소프티브한 라인으로 트레이닝룩이나 스포츠룩을 즐겨 입는 사람들에게 인기 있을 듯.
소재 - 터치감이 좋고 부드러운 소재로 만족스러움.
핏 - 오버핏과 어깨라인이 없는 핏은 호불호가 있음.",고어라인은 필수라고 생각함. 타브랜드에서도 고가지만 꾸준히 내기 때문에 MLB 도 내야한다고 생각함. 고어라인에 맞게 로고나 디테일을 더 고급스럽게 만들면 좋을것 같음.,"아직까지 더움, 소비쿠폰이 나오면 판매 시작 될듯."
2025-08-25 17:35:51,41,085/갤러리아광교,적당하다,만족하는 편,만족하는 편,만족하는 편,만족하는 편,"블랙색상만 입고된 상태이며 본사유재고시 출시된 색상이라도 입고요청드립니다
샘플색상이라도 있어야 고객반응도 알수있고 주문이라도 받을수 있습니다","소재 디자인 만족스러우며 
현재 기온이 높아서 아직 반응은 없으나 매출 기대되는 상품입니다","소재 디자인 만족스러우며 
현재 기온이 높아서 아직 반응은 없으나 매출 기대되는 상품입니다","소재 두껍지않아 현재기온으로 적합한 상품이며
같은소재로 바지도 출시되었으면 셋업으로 판매하기 좋았을듯 합니다","기존 봄시즌제픔과 디자인이 너무 비슷해서 아쉬우며
바지랑 셋업으로 출시되었음 더 좋았을듯 합니다",현재 미입고상품입니다,현재 미입고 상품입니다,기온이 높아서 전체적으로 가을상품 반응이 느린게 제일 큰 이유라고 생각됩니다
2025-08-25 17:36:19,42,전주중앙점,적당하다,다소 불만족,다소 불만족,다소 불만족,다소 불만족,가격은 적당하나 매시즌 변화없이 나오는 상품이라 mlb에서 꼭 바람막이를 살 의향이 있는 고객에게 정도 판매가능,"가격은 적당하나 젊은 고객들이 mlb에서 옷구매의사가 별로 없어 이제는 기본스타일정도는 얻어걸리는 고객이외엔 판매가 쉽지않다
청소년층이 브랜드옷을 선호하지 않으며 개성이 있는 개별브랜드에서 거의 구매를 하는 상황이다",변화없음 로고에 식상,"신축성이 있고 소재가 가벼운듯 하여 그나마 권유할수 있는듯하다
가격 적당",무난한 상품,상품 미입고,미입고,"전반적으로 소비가 최악이다
그 와중에 젊은고객들은 mlb매장에 의류구매를 위해 들 어오는경우가 매우 현저하다
젊은 소비층은 변화되고 있으나 mlb는 기존틀에서 벗어나지 못하고 디자인을 조금변경하고 전년대비 운운하고 있으면 어찌하겠는가
고객들은 입점의 대부분이 의류보다는 모자구매를 위해 들어오고 있는데 그마저도 제일 많이 듣는 소리는 모자 이게 다여요,스냅백은 없나요
이 소리다 우리는 청모자등 다양하게 포지션 갖고 있다하겠지만 고객이 볼적엔 찾는 모자가 없는 모양이다
예전엔 mlb하면 맨투맨 후두티정도는 시즌별로 하나씩 구매하기 위해 들어오고 있으나 지금은 전무이다
상황이 이럴진데 우리는 신발도 파는 우리도 구별하지 못할정도로 비슷한 스타일을 만들어 내고 있으며 의류도 마찬가지이다 
카리나에 돈을 들였으면 최소 매출이 나오게끔 해줘야 되는데 착장하고 있는 상품들이 전부다 우리상품이 아니라 외려 우리브랜드가 아니 바지만 찾는
촌극이 벌어지고 있다 카리나 캠페인해서 과연 매출이 좋아졌을까? 특히 카리나티..
우리 디자이너들은 편하겠다 겨울에 나온상품 팔잘라 반팔만들고 모노 이리치고 저리치고...
매장은 지금 안팔리는 재고상품 다시입고되면 그대로 창고로 직행이다 그나마 팔리는 상품은 반품하라하고 악성재고는 반품도 안되고 있다
매장이 상품가지수가 많아지다 보니 해야될 일들이 많아지고 있다
알티며 반품이며 md지시며 사진찍어 보내라등 회사가 관리형으로 바뀐듯하다 
판매영업이 가장 우선시 되야하는데 관리가 우선인듯하다

중요한 포인트
판매수요층을 보면 전천후다 고객들에겐 죄송하지만 메인층이 없구 연령70대부터 다양하다 
신발부터 모자 가방 키즈까지 그중에 하나 걸리면 판매되는거다 성별다양하구 국적다양하다
여기서 묻고싶다 
우리상품은 메인이 누구이며 어떤상품을 집중적으로 팔것인가
우리 본사직원들은 직원가 아니어도 우리 가방사고 들고 다날수 있는지
우리신발 정상적가격으로 살것인지 우리바람막이 살것인지 묻고싶다 특히 디자이너들

아직도 시장에선 최고인 모자 놓치지 맙시다
유행을 선도할수 있는 시장지배력이 있는데 아직도 매장으로 찿아오고 있는데 더욱더 노력합시다 모자
져지스타일 요즘 유행하고 타브랜드에서 잘 해먹구 있는데 우리가 선도한 아이템인데 왜 우리는 놓치고 있는걸까 의구심 . 만들어주세요
마지막 아이템수 줄이고 중복해서 1,2,3만들지 말고 집중해서 아이템하나 대량생산해서 팔아봅시다 우리도 줄세워 팔아봅시다"
2025-08-25 17:38:12,43,6002/경기 시흥,다소 빠르다,매우 만족,매우 만족,매우 만족,매우 만족,"기본 베이직 라인이라 남녀노소 호불호 없이 입을 수 있도록 디자인 되어 매장 입점 고객 또한 반응도가 있는 편 입니다.
소재 또한 타사 바람막이에 비해 두께감이 있어 지금 입기에는 다소 더운감이 있으나 간절기에 입기에 좋을 것 같습니다.","남녀공용 바람막이(3AWJB0154)에 비해 주머니가 수직방향으로 디자인 되어 분실물 우려가 적어 좋은 편이나, 여성 고객마다 기장이 크롭 기장으로 디자인 되어 호불호가 다소 있을 듯 합니다.",(매장 입고전) 사진상으로 디자인을 봤을 때는 투톤으로 되어 있어 젊은층에게 반응이 높을 것으로 예상 됩니다.,얇은 바람막이 재질이라 간절기에 얇게 걸치기에는 좋을 것 같습니다. 매장 입점 고객 또한 지금 현재 날씨 대비해서 여성 바람막이(3FWJB0154) 보단 관심도가 조금 더 높은 편 입니다.,"(매장 입고전) 사진상으로 디자인을 봤을 때 고객마다 후드 유무에 따라 호불호가 나뉘는 편인데, 후드 없는 것을 선호하시는 고객님이라면 반응도가 있을 것으로 예상됩니다.",(매장 입고전) 사진상으로 디자인을 봤을 때는 어깨~가슴쪽 대각선 투톤으로 되어 있어 젊은층에게 반응이 높을 것으로 예상 됩니다.,"남녀노소 호불호 없이 입을 수 있도록 디자인 되어 매장 입점 고객 반응이 있는 편입니다.
현재 매장 마네킹에 여성 고어텍스 바람막이(3FWJB0154) 진열되어 관심을 가지는 편이긴 하지만 현재 날씨가 더워서 자세한 반응은 추후에 알 수 있을 것 같습니다.","올해 날씨 영향이 가장 큰 것으로 생각 됩니다. 8월 말임에도 불구하고 여름 날씨가 계속 지속됨에 있어, WJ 뿐만 아니라 TS 또한 아직까지 25S 상품 판매율이 더 높은 편 입니다. 날씨가 선선해 지면 판매전환 속도가 오를 것으로 예상됩니다."
2025-08-25 17:43:29,44,532/롯데아울렛의왕(직),적당하다,만족하는 편,만족하는 편,만족하는 편,만족하는 편,코프코어 소재가 매우 만족스럽고 베이직한 스타일이과 핏 또한 좋다고 생각합니다.,"기장 길이도 적당하고 찍찍이 소매도 조절가능해서 좋다고 생각듭니다. 밑단 스트링도 있어서 핏을 자유롭게 조절해서 좋습니다.
단지 아쉬운점은 포켓위치가 좀 아쉽네요",저희 매장에는 아직 입고가 되지 않아서 답변을 드릴수가 없습니다,저희 매장에는 아직 입고가 되지 않아서 답변을 드릴수가 없습니다,저희 매장에는 아직 입고가 되지 않아서 답변을 드릴수가 없습니다,저희 매장에는 아직 입고가 되지 않아서 답변을 드릴수가 없습니다,저희 매장엔 기본 B01 라인만 입고되었고 설명은 위에 상세히 있습니다,전년대비 더위가 늦게까지 지속돠어 속도가 늦는다 생각합니다.
2025-08-25 17:47:36,45,120/롯데부산,적당하다,만족하는 편,만족하는 편,만족하는 편,만족하는 편,"더운날씨로 아직까지 반응은 없으나 전년대비 디자인변화는 크게없어서 아쉽고 소재변화, 가격변동 없는점은 좋음","매년 스테디하게 나가는 디자인이라 수요가 있을것같음 아쉬운점은 전년에도 핏감이 좀 어벙벙한 느낌이라는 피드백이 있어 
올해도 비슷한점 빼면 만족함",전년대비 디테일적으로 발전된것같음 디자인도 기존 메가로고 제품과 차별성이 있는거같아서 만족,계절이 바뀌는 지금같은 시기에 딱좋은 두께감과 트렌디한 디자인으로 반응좋을것 같음,디자인이나 핏은 좋으나 컬러가 부족함,지금까지 초반 판매량은 가장 좋은편으로 활용도높은 디자인과 합리적인 가격으로 고객층께 어필가능,"현재까지는 고어텍스에대한 큰반응은 없으나 계절이 바뀌어감에 따라 나타날것으로 보임 
다만 소재특성상 가격대가 높은점은 아쉬움","아직 날씨가 많이 더워서 아직 휴가나, 피서에 관련된 제품 수요가 더많은편 9월 - 10월 중으로 반응 나타날것으로 보임"
2025-08-25 18:40:04,46,6031 / 성남신흥,다소 빠르다,다소 불만족,다소 불만족,다소 불만족,다소 불만족,착장후 사이즈 너무크고 전면 스트링 꽈배기 줄 때문에 싫다고 함. 팔길이 줄이는 찍찍이도 싫다고 함. 차라리 우븐시보리가 좋다고 함.,전면 포켓때문에 안 예쁘다고 함.,컬러블락 고객들이 안 좋아함.,고객들이 스티치 안 좋아함.,등판 레터링 플레이 고객이 안좋아함.,고객들이 컬러블락 별로 안좋아함.,.,"간절기 아우터가 필요한데, 너무 두꺼운 상품이 대부분입니다."
2025-08-25 18:49:22,47,155/롯데본점,적당하다,만족하는 편,만족하는 편,만족하는 편,만족하는 편,가격 대비 가성비 만족도는 긍정적인것같습니다,"귀엽고 활동적인 무드, 트렌디한 착장 가능으로 반응은 좋을것같습니다 ~",로고가 과감해 부담스럽다는 피드백이 있습니다,"전반적으로 트렌디하고 신선한 시도로 매장에서 긍정적인 평가를 받을 수 있다고 봅니다 
다만, 컬러/무드가 강한 만큼 대중성보다는 특정 연령·스타일 고객 공략용 아이템으로 보는 것이 적절하다고 봅니다",전년 기존 제품과 큰 차별화가 없어 새롭다는 인상이 약하다고 봅니다,블러킹 배색과 바시티 무드가 강해서 일부 고객님에게는 부담스럽다는 의견이 있습니다,가격대가 높아 실구매로 이어지는 속도는 느린 편입니다,24F 대비 25F는 실루엣 컬러 디테일에서 차별화가 크지 않아 새로운 시즌감 을 고객이 크게 느끼지 못한다고 봅니다
2025-08-25 18:57:13,48,529/강남사옥점,적당하다,만족하는 편,만족하는 편,만족하는 편,만족하는 편,"안감 소재랑 전체적인 두께감은 만족스러운 반응, 무난함을 선호하는 소비층이 찾는편. 하지만, 겉감 소재로 인해 먼지가 잘 달라 붙는다는 피드백 있음.",24F 베이직 바람막이보다 품이나 핏이 트렌드에 맞게 착용할 수 있는 디자인이여서 좋음,25S TSB5153 / TSB0353 백 로고 디자인처럼 트렌드에 맞게 스트릿한 느낌의 메가로고 스타일이였으면 좋을 것 같음,"스티치 라인으로 포인트를 줘서 고객 터치율 높고 구매전환률ㅇ티치 라인으로 포인트를 줘서 고객 터치율 높고 구매전환율이 높은 상품 중 하나임, 브라운 컬러 반응이 좋음","마네킹 착용으로 고객님의 문의나 터치율은 높은 편임 다만, 뒤에 바시티 로고는 전년도와 비슷한 느낌이 들어 아쉬움","모자 무게가 조금 무거운 탓에 지퍼를 잠궜을 때 옷이 붕 뜨는 느낌이 들고, 지퍼를 열었을 때는 옷이 뒤로 넘어가는 현상이 있음
디자인 자체는 무난해서 터치율은 있는 편임 / 겉감 소재 특성상 먼지가 잘 붙음","외국인 고객의 터치율은 높은 편이지만 구매까지 이어지진 않고, 국내 고객의 터치율은 아직까지 낮은 편임
디자인적인 부분에서는 25S WJ 상품보다 심플하지만 전면 주머니 부분에 있는 로고가 없으면 더 깔끔했을 것 같음
요즘 트렌드에 맞는 조끼 스타일이나 바람막이 스타일이지만 가격 저항이 살짝 있을 것 같음","습하고 더운 날씨가 지속되며, WJ상품을 구매하시더라도 25F 보다는 25S 상품의 터치율이 상대적으로 훨씬 높은 상황이라 구매전환에도 영향을 끼치는 것 같음"
2025-08-25 19:06:33,49,롯데 영등포,적당하다,만족하는 편,만족하는 편,만족하는 편,만족하는 편,"아직 날씨가 더운 관계로 국내 고객들에게는 많은 반응은 없으나 원단이랑 두께감이 좋아 중국 관광
객 한테는 반응이 보입니다.",아직 날씨가 더운 관계로 국내 고객들에게는 많은 반응은 없습니,등 로고 큰것은 국내 고객님보다 중국 고객님한테 인가가 좋을듯합니다.,간절기 상품으로 입기 좋아 반응은 좋습니다. 사이즈가 많이커 작은 사이즈를 입어 보시려고하는데... XS사이즈는 안들어와 입어보지 못하고 예약 주문까지는 이뤄지지 않았습니,간절기 상품으로 입기 딱 좋아 반응은 좋습니다.,저희 매장은 미입고 된상품 입니다. 라그랑 스타일은 많이 선호를 하지 않습니다.,저희 매장은 미입고 된상품 입니다.,"저희 매장은 점퍼 아이템,사이즈등 너무 미비하게 입고되어 전체적으로 보여주는것이 너무 아쉽습니다. 국내 고객분들은 더운 날씨로 미리 예약까지해서 구입하려고 하지는 않습니다.
중국관광객님은 출국 문제로 바로 구입을 원하십니다."
2025-08-25 19:14:37,50,016/롯데 청량리,적당하다,만족하는 편,다소 불만족,만족하는 편,만족하는 편,"베이직스타일은 심플하고 두께감도 적절해서 고객님들 반응 호조 아직까지 날씨가 많이 더워서 , 구매는 안하지만 입어보시는분들은 많습니다.","공용상품은 괜찮은데 여성디자인으로 고프코어 느낌은, 굉장히 딱딱한 느낌이 많은거같습니다 또한 손이많이 안타서 아직까지는 지켜봐야할거같습니다.","24F 메가로고 디자인이 훨씬괜찮은거같습니다. 메가로고 자체가 고객님들이 많이찾으시는데,
 투톤으로 나오는것에 대해 호불호가 많이갈려, 반응이 저조한거같습니다.",두께감도 얇아 지금 입기에좋습니다. 스티치선이 조금 약한거같아 한두줄더추가되면 좋을거같습니다. 고객반응호조,"바시티바람막이 반응호조 , 크림컬러가 너무 진한거같아 좀 연한톤으로 나오면 좋을거같습니다. (블랙을 많이 선호하심)",미입고 매장이지만 디자인이 예쁘고 두께감도 적당해서 온라인에서 따로 찾으시는 분들이 있었습니다.,미입고매장,"전반적인 날씨의 영향이 가장큰거같습니다 지금 얇은스타일 25S WJ와 같이 진열되어있다보니 , 비교적 얇은 상품을 더 선호하는 반응이 더 큽니다"
2025-08-25 19:27:23,51,6016/안산시화,적당하다,만족하는 편,만족하는 편,만족하는 편,만족하는 편,"후드에 달린 끈이 , 단순해보일수있는 디자인에 고급스러움을 더한듯 , 오버핏만 있어서 아쉬움","포켓을 단순화해서 깔끔 해보이긴하나 주머니에 손넣고 싶은데 , 못넣음 불편",가벼워서좋음 로고도 입체적이고 등판에 빅로고가있어서 20대에게 반응있을듯,"현재는 브라운컬러가 반응이있음 기존에 아이보리 , 검정벗어나 신규컬러라서 제일반응이 먼저옴",아직 판매는 못했지만 고객들 많이 입어보고자함 모자없는 바람막이 찾았었음,적당한 두께감과 신축성있는 소재때문에 연령대있으신분들도 괜찮아함,"주머니쪽 프린트를 , 맘에안들어하심 , 디자인 개선필요","아직도 무더위라는 알림을 계속받으며 일상생활에서 더움을 호소중인데 , 아우터류를 쉽게 구매할 엄두를 못냄"
2025-08-25 19:34:08,52,034/롯데김포,다소 빠르다,다소 불만족,다소 불만족,만족하는 편,다소 불만족,전년이랑 별 차이 없습니다.....,"전년이랑 비슷 컬러도 비슷...함...
고객님들 반응 무",반응 없습니다. 아직 폭염이라서 바람막이 안보세요. 전년이랑 비슷해요.. 색상배색두요,반응 없습니다. 아직 폭염이라서 바람막이 안보세요 그나마 보는 컬러는 브라운 컬러를 많이 보십니다,검정색상 반응 있습니다. 대비의견은 조금 두꺼워진 정도 그거외엔 솔직히 차이 없습니다.,반응 없습니다.,"요즘 31도씩 올라가고 있는 시점에 바람막이 반응을 말씀드리기가 어려운 것 같습니다.
고객님들이 온도가 떨어진 걸 느껴야 FW에 대한 반응이 생기기 때문에.. 아직 반응은 미미합니다.
고가라인 반응은 가격저항 있을 것 같습니다... !","작년 고객님들이 더위가 길었다는것을 인지하고 계십니다. 올해도 덥다는 것을 알기에 아직까지 두꺼운 것에 대한 반응이 없습니다. WJ도 지금 나온 두께감은 두껍다고 생각하시구요 오히려 간절기에 입을 긴팔티,셔츠류 남방이런 걸 찾으시지 아우터에 대한 수요도 없고 먼저 사시려고 하시는 분들이 없어요"
2025-08-25 20:12:41,53,091/에버세이브청주,적당하다,만족하는 편,만족하는 편,만족하는 편,만족하는 편,소매 부분이 너무 넓고 벨크로 부분이 어색하다는 고객 반응이 s/s 시즌부터 꾸준히 나옵니다.,소매 부분이 너무 넓고 벨크로 부분이 어색하다는 고객 반응이 s/s 시즌부터 꾸준히 나옵니다. 그리고 품이 너무 넓습니다...,.,.,.,타사 제품과 매우 유사한 디자인인데 가격이나 소재면에서 메리트 없음.,.,.
2025-08-25 20:26:27,54,신세계 하남,적당하다,만족하는 편,만족하는 편,만족하는 편,만족하는 편,스트링이 너무 두껍고 커서 전체적으로 기본스타일을 좋아하는 고객님들에게 판매해야하는데 스트링만 너무 튀어서 조화롭지 못한것같습니다,.,.,.,색상이 너무 노랗게 나와서 아예 흰색이거나 흰색에 더 가까웠으면 하는 고객님들 의견이 많았습니다,스포티브 배색은 후드가 없는게 더 이쁠것 같습니다,.,날씨에 영향을 많이 받는것같습니다.
2025-08-25 23:05:34,55,079/신세계강남,적당하다,다소 불만족,다소 불만족,만족하는 편,매우 만족,"아직 반응을 보기 이르기는 하지만 원단 뻣뻣하다는 평이 다수로, 디자인이 기본임에도 불구하고 구매율이 적습니다.",고프코어 포인트가 크게 두드러지지 않아 기본 아이템으로 무난히 소화될 듯 합니다. 전년과 비슷한 분위기로 모두가 터치는 하는데 올해는 스티치 크롭 바람막이가 더 가볍다보니 관심이 밀리고 있습니다.,내국인 컬러블록 반응 현저히 떨어집니다. 중국인고객 위주로 터치 조금 있는 편입니다.,"3040 고객에게 터치율 높습니다. 가볍고 로고까지 원톤이라 깔끔한 디자인으로 부담없이 보십니다. 블랙 , 브라운컬러가 반응 더 좋습니다.",래글런 어깨라인 호조. 상체 부해보이지 않아 좋다는 반응입니다. 매년 비슷한 반응으로 무난하게 판매될 듯 합니다. 이번시즌은 밝은 컬러감이 애매해서 블랙으로 판매가 많이 쏠릴 것 같습니다. 아이보리나 크림이라고 하기에는 누런 빛을 띄어 불호가 많았습니다.,"모자가 없거나 탈부착 가능했다면 훨씬 좋았을 듯 합니다. 캐주얼한 무드인데 모자가 달려있어 10대 반응이 떨어지고, 디자인으로도 넥 부분이 다소 산만합니다ㅠㅠ",베이직 라인 위주로 출시하다보니 깔끔한 편으로 디자인 불호는 딱히 없지만 브랜드와 아웃도어이미지를 연결짓지 못한 상태에서 제품만 출시되다보니 설득력이 떨어집니다. 디자인만 보고 고르셨다가 높은 금액 때문에 구매를 포기하고 대체상품으로 구매하신 고객이 꽤 있었습니다. 다양한 시도는 좋지만 고객이 브랜드에 기대하는 부분과 맞지 않는 상품이라 생각합니다. 상품성 자체는 타브랜드보다 캐주얼하게 핏을 잘 잡았고 뻣뻣하지 않은 원단이라 만족해하셨습니다.,"날씨 영향이 아무래도 가장 큰 듯 합니다. 전반적으로 매출이 급감하고 있는 데 반해 매출을 유지하는 브랜드들의 공통점이 셔츠 등 얇은 아우터 상품이 많았습니다. 길어지는 여름 탓에 간단히 에어컨 바람만 막아줄 얇은 스타일을 찾다보니,,아직 fw아우터는 많이 두터워 반응이 오질 않고 있습니다. 아우터 스타일이 다양해지는 경향도 무시 못할 듯 합니다. 간절기는 바람막이가 공식같던 예전과는 달리 1020세대에서 바람막이를 잘 입지 않다보니 wj 관심 자체도 떨어지고 있습니다."
2025-08-26 01:07:23,56,649/ 부산광복,적당하다,만족하는 편,만족하는 편,만족하는 편,만족하는 편,예전보다 볼륨감 있는 자수 아트웍 로고가 있어서 좋았고 원단도 탄탄하고 디자인이 깔끔해서 고급스러워 보입니다 고객님들도 많이 좋아하십니다,"포켓이나 전년이랑 비슷한거 같아요 젊은층도 입을 수 있게 좀 더 힙한 스타일도 있으면 좋겠습니다
 여성분들도 젊은층이 많아서 바시티 라인 디자인을 더 선호하십니다",아직 초반 반응은 부족하지만 앞으로 날씨가 시원해지면 반응은 괜찮을 것 같습니다 컬러감 배색이 좋습니다,이 디자인은 고객님께서 아직 많이 안 보셨는데 로고와 배색 라인이 좀 더 선명하면 좋을 듯 합니다,"이 디자인은 고객님께서 디피 보시고 뒷면 로고와 앞면 포인트 컬러와 원단 컬러가 예쁘다고 바로 구매 해가셨습니다 
 젊은 층이 많이 좋아하셨습니다 바지와 세트로 같이 구매해가셨습니다",여성라인은 항상 늦게 반응이 있는것 같습니다 지역마다 차이는 있겠지만 저희는 아직 티셔츠 위주로 나가고 있어서 앞으로 반응은 좋을 듯 합니다,날씨가 더워서 아직 30도 이상이라 그런지 반응은 많지 않지만 고객님들께서 상품은 많이 보셨습니다 바시티라인을 더 많이 보셨습니다,아직 반팔이나 니트류 한번씩 구매해가셨고 아직 날씨가 더워서 아우터 종류는 조금씩 하나씩 나가고 있습니다
2025-08-26 08:49:16,57,m015,다소 빠르다,만족하는 편,만족하는 편,만족하는 편,만족하는 편,지금으로는 날씨가 덥기도 하고 점내 고객수도 줄어든 상황이라 반응은 저조합니다 기본라인이라 다양한 객층에 소화가능한 디자인이라 더위가 지나면 괜찮을것 같습니다,"기장감,두께 적당하고 밑단의 디테일이 여성스러움을 주어 착용시 핏이 이쁩니다","아직 무더운 날씨라 반응은 없습니다
조재는 말할것도 없고 두께감 적당합니다 점의 고객층으로 봤을때 투컬러라 호불호는 있습니다",적당한 기장과 두께이고 스티치 포인트를 주어 밋밋함이 없어서 괜찮을거 같음,"아직 날씨가 더워 저조하지만 판매로는 이뤄지지 않았지만 적당한 기장감,착용시 전체적인 핏 만족하였습니다",두께 기장 적당합니다,.,날씨에 대해 기재를 계속했지만 작년보다 너무 덥고 길게 가는거 같습니다 보기만해도 덥다 하시니 더 짧아질 가을이 될거 같음
2025-08-26 10:54:10,58,부천,적당하다,만족하는 편,만족하는 편,만족하는 편,매우 만족,"소재나 디자인 만족합니다 
시즌되면 판매 올라올거라 기대합니다","전체적으로 디자인 만족스럽습니다.소재나 두께감도 적당한거 같습니다
조금 아쉬운점이있다면 총장이 약간만 더 길었으면 합니다","소재디자인 만족스럽습니다
전년이나 ss시즌보다 훨씬판매 용이 할거 같습니다","시즌이 되면 판매올라올거 같습니다 소재만족스럽습니다 
다만아쉬운점은 스테치가 호블호가 갈릴거 같습니다","블랙컬러 판매호조입니다 착용시 뒷판 로고도 이쁘고 핏감 좋습니다 
여성전용중에 메인으로 판매 잘될거 같습니다
아쉬운점은 재고 수급이 용이 하질 않습니다","43cgs컬러 판매반응호조입니다
공용디자인중에서는 메인 WB될거 같습니다
이제품도 재고수급이 원할하지 않은 아쉬움이 있습니다","저희 매장도 입고되어 판매해보고 싶습니다
가능하시면 입고 부탁드립니다","전년대비 너무 더운 날씨가 가장 큰원인인거 같습니다
디자인이나 소재는 전년보다 훨씬만족스럽습니다"
2025-08-26 11:16:17,59,M6017/화성봉담,다소 느리다,매우 만족,만족하는 편,매우 만족,만족하는 편,기본디자인이라 학생들한테 권하기 수월함,핏이 이뻐 좋아함,입고 안됨,"핏이 이뻐 입어보신 고객님은 구매함
바지도 같이 있었음함
세트로 구매 원하시는 분들이 많음","코디하기 편한스타일로 권하기 수월함
세트로 구매 원하시는 분들이 많음",입고 안됨,입어 봤을 때 핏이 이뻐 권하기 수월함,날씨 영향을 많이 받음
2025-08-26 11:31:07,60,540/성수,다소 빠르다,만족하는 편,만족하는 편,만족하는 편,매우 만족,소재감이 부드럽고 탄탄해진 느낌이고 타 스큐보다 저렴한 가격대의 바람막이다 보니 구매 저항률이 비교적 낮은 편이며 무난하게 입기 좋아 판매 반응이 조심스럽게 올라오고있습니다.,탄탄하고 부드러운 소재에 크림/블랙/배색컬러가 거부감없이 다양한 연령층에게 터치 좋은편입니다. 반응 호조까진 아니지만 서서히 올라오고 있습니다.,"주로 남성분들이 아우터를 찾으실때 배색이 들어간 상품 보단 단색의 블랙, 차콜, 그레이 컬러를 선호하시며 여성고객 또한3FWJB0154 처럼 대체 가능한 스큐에 더 반응이 있고 금액대가 있어 터치율이 높진 않습니다.",후들후들한 소재감에 슬림해보이는 핏과 스티치 포인트가 여성고객님들 니즈에 적합하여 시착율도 높고 판매까지 긍정적으로 이어지고 있습니다. 세 컬러 다 소장가치가 있어 뭍히는 컬러 없이 수요 좋은 편 입니다.,"자료로 띄워진 3FWJV0154 라면 부담스럽지 않은 절개선 포인트와 탄탄한 소재감에, 비교적 저렴한 가격대 때문에 입고 동시에 판매 반응 좋았습니다. 같은 소재감의 하의와 연계판매도 진행됐으며, 캐주얼 룩으로도 소화하기에 좋아 크림컬러 수요가 매우 높은 편 입니다.",자료로 띄워진 3AWJV0154 라면 초반 입고된지 얼마 지나지 않아 터치율도 좋았고 판매 바로 진행되었으나 3AWJ 스큐 늘어나며 표현되지 못해 반응이 죽어 현재는 예측할 수 없습니다. 입고됐던 날 디자인은 심심하지 않은 포인트 덕에 직원들의 반응은 좋았습니다.,단가가 확실히 차이가 나서 구매전환에 우려가 있었으나 고객님들의 터치율도 좋고 판매도 비교적 저렴한 바람막이 보다 좋은 편이라 좋은 시도인 것 같습니다. 다만 디자인과 성능은 고객의 니즈에 적합해 터치율이 높았으나 구매가 적극적으로 전환대기엔 단가가 미치는 영향이 커서 불발되는 경우들도 있었습니다.,입추가 지났음에도 기온이 30도 아래로 잘 내려가지 않아 국내고객님들께서는 아직 FW준비에 지출비중이 적고 아직까지 TS류 판매 반응이 더 나오는 편 입니다. 특히 아우터는 보온과 기능성이 주가되고 그만큼의 단가가 있기 때문에 디자인만으로 수요가 있긴 현재 쉽진 않습니다.
2025-08-26 11:38:19,61,M037/신세계의정부,너무 빠르다,다소 불만족,만족하는 편,만족하는 편,만족하는 편,기존에 있던 3AWJV0151상품과 비교 후 핏이 달라 아쉽다고함 / 아직 날씨가 더운탓에 바람막이 반응 저조함,날씨가 더워 판매 저조 / 봄상품과 비슷하게 나와 반응 좋을것으로 예상함,뒷면 로고가 부담스러움 / 날씨가 더워 아직까진 전체적으로 바람막이 반응 저조,착용 시 전체적으로 반응좋음 / 날씨가 더워 판매가 저조할뿐 아니라 반응도 저조함 의류보다는 악세사리 위주로 많이 구매,착용 시 전체적으로 반응좋음 / 날씨가 더워 판매가 저조할뿐 아니라 반응도 저조함 의류보다는 악세사리 위주로 많이 구매,미입고 상품,미입고,작년에 비해 날씨가 8월 말에 가까워지고 있음에도 선선해질 기미가 보이지 않아서 지금 시점으로 의류보다는 악세사리 위주로 판매량이 높음
2025-08-26 12:08:30,62,025/현대킨텍스,적당하다,만족하는 편,만족하는 편,만족하는 편,만족하는 편,기본 컬러들로 매치하기 쉽고 후드가 있어 실용적임,"투톤색상으로 트렌디함
화사하고 개성있는 스타일을 좋아하는 분들에게 선호","전면디자인이 깔끔하며 뒷면의 로고가 XMRWLD
생활방수로 실용적이며 포인트는 주되 과하지 않은 스타일","각각의 색상이 주는 느낌이 달라 취향에 따라 고르기 좋음
여유있는핏으로 캐주얼하거나 스트릿하게 연출가능할것같음","각각의 색상이 주는 느낌이 달라 취향에 따라 고르기 좋음
여유있는핏으로 캐주얼하거나 스트릿하게 연출가능할것같음","전면은 심플하고 후면은 포인트가 존재감있음
활동성이 좋은 디자인으로 편안하게 착용가능할것같음","방수,방풍 기능이 뛰어나 스타일과 기능을 둘다 잡을수있을것같음
일상이나 아웃도어, 여행, 라이딩등 여러상황에 활용할수 있을것같음",날씨가 점점 더워지는만큼 아우터 판매가 늦어짐
2025-08-26 12:11:41,63,521/동성로,적당하다,만족하는 편,만족하는 편,만족하는 편,만족하는 편,아직까지는 선선하지도 않아서 바람막이가 크게 반응이 없습니다,아직까지는 크게 반응은 없습니다 그냥 기본디자인 매년 나오는듯한 느낌입니다,왜 투컬러로 배색이 들어갔는지 모르겠습니다.,왜 여성상품을 이렇게 만들었는지 모르겠습니다 차라리 공용으로 만들지...,"지금 이 설문조사를 한다는것 부터 ...너무 빠른거 같습니다
사람들은 대부분 몸에 느껴져야 필요하다 생각하고 구매를 하지 아직까지는 크게 반응이 없습니다.",너무 아저씨 스러운 디자인입니다 차라리 공용으로 나왔다면...,아직까지 반응없습니다 특히 대구나 부산쪽 더운쪽은 더더욱 그렇습니다.,그만큼 여름이 길어져서...
2025-08-26 12:58:46,64,001/갤러리아진주,다소 빠르다,만족하는 편,다소 불만족,만족하는 편,만족하는 편,소재감에서주는 단단함이 보여짐 심풀하며 다양한 스타일을 연출 좋을듯,소재감에서주는 탄탄함 / 앞 포켓이있어 수납도 용이하고 귀여운 느낌도 있음 밑단 스트링으로 체형에 맞게 핏 조정이 가능 다양한 스타일을 연출 좋을듯,"고객님께서 보시긴하나 
메가로고가 부담스럽다/ 배색투톤이 조금은 올드하다/ 아웃도어 느낌이난다","간절기에 착용하기 좋은 바람막이
어깨 스티치가 착용시 어깨라인을 슬림하게 부각되는 느낌을 덜어줌 소매시보리도 적당히 잘 잡아줌","체육복 같은느낌
원단이 먼지와 때가잘묻어날것같음 지워지지도 않을것같음음 간절기에 착용하기 좋은 바람막이로 좋을듯",입체감이있고 오버핏에 부분 배색바람막이 여유롭고 편안한 착용하기 좋을듯,아웃도어 느낌 라이프스타일에 바람막이,"바람이 많이 불고 일교차이가 나야 바람막이를 구매를하시는데 우려했던만큼 날씨가 차갑지 않고 너무 따뜻해요 
기온 날씨때문에 바람막이 판매가 저조한것같습니다"
2025-08-26 13:15:43,65,513/충장로,적당하다,매우 만족,다소 불만족,다소 불만족,만족하는 편,"디자인적인면에서 만족도가 보이고 있으나 두께감때문에 아직은 문의도가 낮으며, 컬러감이나 포인트가 다소 부족해보입니다.","컬러감이 부족하며, 다소 슬림핏을 선호하는 여성층에게는 호불호가 보이고 있습니다.","컬러배색이 아쉽고, 블럭디자인과 포켓디테일이 아쉽습니다.","올해 트렌드 컬러인 브라운의 경우 호조적인 반응이 보이고 있으나 스티치포인트디자인이 약하며 여유로운 핏이라 젊은 여성층에게 다소 아쉬움이 보입니다.
슬림하고 스티치포인트가 강렬하거나 레터링 백포인트가 있는 디자인이 필요해보입니다.","레터링 백포인트로 터치율은 높으나 네크라인이 짧아
착용후 핏이 아쉬움이 보이고, 초고브라운 컬러감이 추가된다면 좋을 듯 합니다.
아디다스의 경우 반집업 네크라인이 길다보니 어깨라인이 예쁘게 떨어짐.",반응 아직 없습니다.,"고어라인 중 윈드스토퍼 등급중 낮은 등급인듯 하여
완전 방수가 되지 않는 발수기능이 있는 상품인데 
가격 대비 타사브랜드와 경쟁률이 떨어지며 가격대에서 타겟층을 찾기가 힘듭니다.","여름이 길어지고 간절기는 짧아지다보니 바람막이의 경우 깔끔한 스타일은 실용적이지 않다고 판단하는 고객층이 증가하고 있습니다. 
앞판 바시티나 앞판 로고 디자인으로 포인트 디자인들의 얇은 WJ가 필요해보입니다."
2025-08-26 13:35:11,66,087/NC신구로,적당하다,매우 만족,만족하는 편,만족하는 편,만족하는 편,작년보다 전체적인 디자인이 깔끔하고 주머니포켓 이 없어져서 좋아하시는 분들 계시지만 주머니 지퍼로 나왔으면 더 좋겠다는 분들이 있었고 착용시 작년보다 핏이 부해 보이는 경향이 있는 거 같습니다.,"전체적인 기장감,핏 반응 좋지만 43CRD컬러 기준 소매 벨크로컬러 가 검정색으로 호불호 있습니다. 의류컬러에 맞게 나오면 좋겠다는 분들 있었습니다.",아직 고객 반응 크게 없습니다. 작년보다 컬러감이 새롭고 후면프린팅 포인트가 이쁘며 무게감이 가벼워 반응 좋을거같습니다.,은은한 스티치 포인트로 반응 좋을거같으며 무게감이 가벼워 간절기 시즌이 착용 하기에 반응 좋을거같습니다.,후드 없는 디자인 찾으시는 분들도 많이 계시며 반응 좋으며 후면 레터링포인트로 여성고객 반응 좋습니다. 총기장이 조금 더 짧아도 좋을거같습니다.,배색 들어간 포인트 가 여성고객 반응이 크게 없습니다. 배색이 들어가도 잴개선 라인이나 스티치 처럼 작게 들어가는 분들이 많았습니다.,미입고 매장입니다.,"아무래도 날씨 영향을 많이 받는거같습니다. 아직 낮 최고기온이 30도가 넘다보니 WJ터치가 거의 없으며 MT,HD 터치도 없습니다.."
2025-08-26 13:58:51,67,현대판교,적당하다,만족하는 편,다소 불만족,만족하는 편,다소 불만족,"노멀하고 심플한 스타일이라 호불호가 없을듯하
지만 특별한 경쟁력도 없습니다","여성라인에서 꾸준하게 시즌마다좋은 반응을 보
였던 톤톤제품으로 포켓디자인이 귀엽게 느껴
질수 있습니다","투톤 스타일까진 괜찮지만
뒷판 빅로고는 활동성을 주로 강조하는 바람막이
로써 실용성면에서 아쉽고 과합니다","착용시 핏감도 예배고
은은한 스티치또한 과하지 않으면서 소재또한 딱
딱한 느낌없이 부드러워 만족도가 높습니다",활동성이 용이하게 부드럽고 스판소재로 되어있어 착용시 만족도가 높을꺼 같습니다,ㄱ,"소재와 디자인에 있어서 변화가 느껴집니다
염려되는바 고가인 탓에 바람막이 선호도 브랜드 못지않게 많은 홍보가 필요하다고 생각이 됩니다",가을날씨전에 구매하기에는 MLB 바람막이 인지도가 많이 높은편은 아닌거 같습니다
